Volvo,Golf,Grøn,False,54000,47000,22.2,['Ny olie']
Volvo,Prius,Rød,False,70000,66500,21.6,['Sætte vinterdæk på']
Tesla,Prius,Sort,True,55000,48500,17.6,['Sætte vinterdæk på']
Volvo,3,Grøn,False,39500,34000,21.8,['Sætte vinterdæk på']
Volkswagen,Stationcar,Grøn,True,43500,36500,14.7,['Nyt batteri']
Tesla,3,Hvid,True,85500,79500,21.7,['Ny olie']
Toyota,Mustang,Gul,False,57000,52500,20.3,['Sætte vinterdæk på']
Toyota,3,Grå,False,59000,54000,22.4,['Ny olie']
Volkswagen,Mustang,Gul,True,56000,53000,13.7,['Nyt batteri']
Jeep,3,Gul,False,79000,75500,16.0,['Ny olie']
Toyota,3,Grøn,True,85000,79500,23.5,['Ny olie']
Tesla,Mustang,Hvid,True,72500,65000,14.7,['Ny olie']
Ford,3,Rød,True,83000,78000,13.7,['Nyt batteri']
Toyota,Prius,Sort,True,41000,39000,17.5,['Klargøring til sommer']
Tesla,Mustang,Gul,False,72500,70000,21.1,['Nyt batteri']
Toyota,Golf,Grå,True,78500,71000,20.3,['Skifte dæk']
Toyota,3,Blå,True,51500,44000,21.9,['Sten i ruden']
Tesla,3,Grøn,False,47000,41000,18.5,['Nyt batteri']
Volvo,Golf,Hvid,True,36500,31000,19.5,['Ny olie']
Toyota,Prius,Blå,True,46000,38500,18.4,['Nyt batteri']
Toyota,Mustang,Blå,True,49500,46500,18.2,['Ny olie']
Tesla,3,Hvid,True,41000,38500,17.3,['Skifte dæk']
Tesla,Stationcar,Blå,False,85500,78500,17.0,['Ny olie']
Jeep,Prius,Grøn,True,39500,34500,23.2,['Ny olie']
Jeep,Golf,Grå,False,84000,78500,24.5,['Skifte dæk']
Volkswagen,Prius,Hvid,False,59500,55000,20.4,['Klargøring til sommer']
Toyota,Stationcar,Gul,True,80000,77000,24.2,['Nyt batteri']
Volkswagen,3,Hvid,False,67500,65000,24.7,['Nyt batteri']
Toyota,Prius,Grå,False,42000,39000,22.9,['Skifte gearkasse']
Tesla,Mini,Grå,True,41500,38500,13.3,['Skifte dæk']
Jeep,Stationcar,Gul,False,60000,57000,20.0,['Ny olie']
Volkswagen,3,Rød,True,50500,45000,15.3,['Sætte vinterdæk på']
Volkswagen,3,Sort,True,47500,43000,21.7,['Klargøring til sommer']
Volkswagen,Prius,Blå,False,67500,59500,13.3,['Sten i ruden']
Volvo,Mini,Hvid,False,70500,65000,18.3,['Skifte dæk']
Tesla,Stationcar,Grøn,False,35500,32500,13.7,['Ny olie']
Volvo,Prius,Grøn,True,64000,58000,15.0,['Nyt batteri']
Jeep,Golf,Sort,True,52500,50000,16.5,['Sætte vinterdæk på']
Ford,Prius,Rød,False,77500,72500,15.4,['Nyt batteri']
Volkswagen,Prius,Hvid,False,53000,47000,15.3,['Ny olie']
Jeep,3,Rød,False,70500,65000,23.0,['Ny olie']
Ford,Stationcar,Grøn,False,52000,48500,23.5,['Ny olie']
Ford,Mini,Gul,True,53000,50500,21.6,['Sten i ruden']
Ford,Mustang,Blå,True,77000,69500,24.3,['Sten i ruden']
Toyota,Stationcar,Grå,False,75500,72500,17.1,['Skifte gearkasse']
Volkswagen,Mustang,Blå,False,46500,43500,15.3,['Nyt batteri']
Volkswagen,Mustang,Sort,False,77000,73500,24.1,['Nyt batteri']
Toyota,Mini,Grå,True,76000,73500,18.9,['Ny olie']
Jeep,Golf,Sort,False,54500,49500,23.2,['Nyt batteri']
Jeep,3,Sort,True,73500,71000,13.2,['Ny olie']
Jeep,Stationcar,Sort,True,57000,52000,14.1,['Ny olie']
Toyota,Golf,Hvid,True,81000,75500,19.4,['Sætte vinterdæk på']
Ford,3,Grå,False,62500,59000,17.1,['Sætte vinterdæk på']
Ford,Golf,Gul,False,59500,57500,22.8,['Sten i ruden']
Toyota,Mini,Hvid,False,76000,69000,23.9,['Skifte gearkasse']
Tesla,Golf,Sort,True,62000,59000,20.3,['Sten i ruden']
Volvo,Prius,Gul,True,50000,48000,18.1,['Sætte vinterdæk på']
Jeep,Mustang,Grøn,True,38000,31000,22.3,['Nyt batteri']
Toyota,Stationcar,Grøn,False,73000,70500,20.2,['Sætte vinterdæk på']
Volvo,Stationcar,Rød,True,64000,57500,23.2,['Skifte dæk']
Ford,Mini,Blå,False,38500,32000,17.8,['Skifte gearkasse']
Tesla,Golf,Rød,False,59000,53500,18.9,['Sætte vinterdæk på']
Volkswagen,Mustang,Gul,True,42500,37000,22.4,['Klargøring til sommer']
Toyota,3,Grøn,False,81500,77500,22.3,['Ny olie']
Volvo,Prius,Sort,True,49500,45500,19.2,['Sten i ruden']
Ford,3,Blå,True,84500,79500,19.3,['Skifte dæk']
Tesla,3,Grå,True,46500,40500,13.9,['Sætte vinterdæk på']
Volvo,Mini,Grøn,False,53000,49500,23.6,['Ny olie']
Ford,Mustang,Grøn,False,63000,58000,21.7,['Skifte gearkasse']
Volvo,Golf,Rød,True,54000,49500,16.9,['Sten i ruden']
Volkswagen,Mini,Gul,True,60000,56000,18.0,['Klargøring til sommer']
Ford,3,Sort,True,51500,47500,19.3,['Ny olie']
Tesla,Mustang,Sort,True,70000,63000,13.0,['Sætte vinterdæk på']
Tesla,Prius,Grå,True,66000,62000,21.3,['Klargøring til sommer']
Tesla,Stationcar,Grå,True,53000,48500,16.2,['Ny olie']
Volkswagen,Mustang,Grå,True,59000,53500,24.2,['Sten i ruden']
Jeep,Mini,Gul,True,59500,57000,24.8,['Klargøring til sommer']
Tesla,Mini,Gul,False,77500,71500,14.4,['Sten i ruden']
Volvo,Prius,Blå,True,67000,62000,21.1,['Klargøring til sommer']
Jeep,Golf,Grøn,True,36000,30500,20.3,['Klargøring til sommer']
Jeep,3,Blå,True,81500,75000,23.5,['Skifte gearkasse']
Jeep,3,Rød,False,40000,36000,13.9,['Ny olie']
Volvo,Mustang,Blå,False,61500,58500,19.8,['Ny olie']
Jeep,Mini,Blå,True,69500,61500,23.6,['Skifte dæk']
Ford,Mini,Grå,False,46000,40500,23.5,['Sten i ruden']
Volkswagen,Golf,Blå,True,43000,38000,20.6,['Skifte gearkasse']
Tesla,Prius,Blå,False,73000,66500,19.8,['Klargøring til sommer']
Volkswagen,Prius,Gul,False,73500,68500,16.2,['Skifte gearkasse']
Ford,Mustang,Gul,False,80500,74500,20.9,['Skifte gearkasse']
Volvo,Mini,Rød,True,50000,43500,24.2,['Skifte gearkasse']
Jeep,Stationcar,Rød,True,59500,54500,18.7,['Skifte gearkasse']
Toyota,Golf,Hvid,True,51000,44500,19.9,['Sætte vinterdæk på']
Ford,Mustang,Hvid,False,39500,35000,16.7,['Nyt batteri']
Toyota,Mini,Rød,True,46000,40000,24.7,['Sten i ruden']
Toyota,Stationcar,Rød,False,44500,37500,15.3,['Sætte vinterdæk på']
Jeep,Golf,Grøn,False,64000,59500,16.5,['Klargøring til sommer']
Ford,Stationcar,Rød,True,78000,71000,15.7,['Skifte dæk']
Toyota,Golf,Rød,True,81500,75000,23.0,['Klargøring til sommer']
Volkswagen,Golf,Grå,False,51500,44500,24.5,['Sten i ruden']
Volkswagen,Prius,Rød,True,65500,60500,15.6,['Sætte vinterdæk på']
Volvo,Golf,Gul,True,37000,30500,21.3,['Ny olie']
Ford,3,Rød,True,53500,50000,16.2,['Ny olie']
Tesla,Prius,Grøn,False,73000,68500,20.7,['Skifte dæk']
Jeep,Golf,Blå,False,48500,42500,18.2,['Ny olie']
Volkswagen,Mini,Grå,False,44500,38500,19.5,['Nyt batteri']
Jeep,3,Hvid,False,73500,66500,22.9,['Skifte gearkasse']
Volvo,Mini,Grøn,True,84000,78000,15.4,['Sten i ruden']
Volvo,Prius,Blå,False,54500,47500,21.1,['Ny olie']
Jeep,Mustang,Hvid,True,38000,33000,14.5,['Sten i ruden']
Volkswagen,Mini,Hvid,False,69500,66500,14.4,['Sten i ruden']
Tesla,Mini,Rød,False,82000,74500,17.6,['Klargøring til sommer']
Jeep,Golf,Blå,False,39500,33500,21.5,['Nyt batteri']
Ford,Stationcar,Gul,True,58500,54500,18.1,['Ny olie']
Volvo,Golf,Blå,True,35500,32000,17.8,['Sætte vinterdæk på']
Volkswagen,Mini,Hvid,False,42000,36000,19.1,['Klargøring til sommer']
Toyota,Mustang,Blå,True,70500,68000,24.1,['Sten i ruden']
Toyota,Mustang,Grå,False,83000,77500,18.2,['Sten i ruden']
Volkswagen,Mini,Grå,True,47000,41500,16.2,['Klargøring til sommer']
Jeep,Prius,Grå,True,68000,63000,14.9,['Nyt batteri']
Ford,3,Blå,False,70000,63500,16.2,['Ny olie']
Ford,Golf,Blå,False,70000,64500,20.2,['Skifte gearkasse']
Toyota,Mini,Grå,True,63500,57000,18.6,['Skifte dæk']
Ford,Stationcar,Gul,False,75500,68500,18.4,['Nyt batteri']
Toyota,3,Rød,False,65500,57500,22.2,['Nyt batteri']
Ford,Mini,Hvid,False,72500,69000,21.4,['Sten i ruden']
Volvo,Stationcar,Sort,True,84000,79000,16.4,['Klargøring til sommer']
Volkswagen,3,Hvid,True,54000,50500,21.7,['Ny olie']
Jeep,3,Blå,False,65500,59000,16.8,['Skifte gearkasse']
Jeep,Stationcar,Hvid,True,61500,55000,20.7,['Sten i ruden']
Toyota,3,Rød,False,77000,69500,19.5,['Nyt batteri']
Volkswagen,Golf,Blå,True,77000,70000,21.8,['Klargøring til sommer']
Jeep,Golf,Sort,False,62000,60000,15.0,['Klargøring til sommer']
Volkswagen,Prius,Rød,True,66000,61000,18.3,['Klargøring til sommer']
Tesla,3,Rød,True,41500,36500,21.3,['Sten i ruden']
Toyota,Mustang,Grå,False,50500,44000,15.5,['Skifte dæk']
Tesla,Prius,Gul,False,79500,73500,20.8,['Sten i ruden']
Ford,Mustang,Blå,False,71000,68000,23.2,['Sætte vinterdæk på']
Toyota,Mini,Sort,False,54000,49000,23.1,['Sætte vinterdæk på']
Jeep,Mini,Grøn,True,55000,50500,22.9,['Sten i ruden']
Tesla,Mini,Grå,True,48000,41000,16.4,['Skifte gearkasse']
Ford,Prius,Gul,True,56000,48500,15.9,['Sætte vinterdæk på']
Volvo,Mustang,Hvid,False,83500,80000,18.2,['Ny olie']
Toyota,3,Blå,False,55500,49000,21.5,['Skifte dæk']
Volvo,Mini,Grå,False,75000,68000,21.2,['Klargøring til sommer']
Volvo,3,Rød,True,68000,64500,15.5,['Nyt batteri']
Tesla,Prius,Grå,False,54500,52000,15.3,['Skifte dæk']
Toyota,3,Gul,False,38500,36000,20.2,['Ny olie']
Volkswagen,Golf,Grå,False,48000,44500,21.7,['Nyt batteri']
Toyota,Mini,Gul,False,37500,31500,13.7,['Sten i ruden']
Volkswagen,Mini,Sort,False,82000,76000,19.8,['Skifte dæk']
Tesla,Stationcar,Hvid,True,79500,72500,16.4,['Skifte gearkasse']
Jeep,Mini,Hvid,True,74000,68000,15.4,['Sten i ruden']
Tesla,Prius,Gul,False,82000,74000,24.3,['Klargøring til sommer']
Volkswagen,Mustang,Sort,False,37500,31000,19.6,['Sten i ruden']
Jeep,Stationcar,Sort,False,75500,71500,23.4,['Skifte gearkasse']
Volkswagen,Mini,Gul,True,59500,54000,16.7,['Sten i ruden']
Toyota,3,Sort,True,68000,62000,23.4,['Skifte dæk']
Volkswagen,Mini,Rød,True,85500,78500,23.1,['Ny olie']
Volkswagen,Prius,Sort,False,63000,55500,21.9,['Ny olie']
Ford,3,Blå,True,71000,67000,14.8,['Klargøring til sommer']
Volkswagen,Prius,Hvid,True,53500,49000,24.7,['Ny olie']
Ford,3,Rød,False,44000,40500,20.1,['Nyt batteri']
Volvo,Prius,Sort,False,49500,44000,21.0,['Klargøring til sommer']
Tesla,Mini,Rød,True,57500,55500,14.5,['Klargøring til sommer']
Toyota,3,Grøn,True,64500,61000,16.1,['Nyt batteri']
Jeep,Mini,Gul,True,75000,69500,17.3,['Sten i ruden']
Jeep,Stationcar,Grå,True,53500,48500,23.1,['Skifte gearkasse']
Volkswagen,Prius,Rød,True,71500,67500,15.1,['Ny olie']
Ford,Mustang,Grøn,True,65000,62000,21.2,['Skifte dæk']
Ford,Stationcar,Rød,False,57000,51000,20.0,['Klargøring til sommer']
Volkswagen,Mustang,Gul,False,43500,37500,13.7,['Ny olie']
Volkswagen,Mustang,Hvid,False,55000,47500,14.7,['Klargøring til sommer']
Jeep,Mustang,Grøn,False,58000,52500,15.3,['Klargøring til sommer']
Tesla,3,Grå,False,53000,49500,23.2,['Sætte vinterdæk på']
Ford,Prius,Grå,False,67500,64500,24.7,['Skifte gearkasse']
Jeep,Golf,Grå,False,82000,76500,20.0,['Skifte dæk']
Jeep,Mustang,Grøn,False,81000,78000,22.8,['Nyt batteri']
Volkswagen,Prius,Grå,True,37500,33500,20.1,['Skifte gearkasse']
Jeep,Mini,Grå,False,65500,58000,17.3,['Sætte vinterdæk på']
Jeep,Prius,Grå,True,40500,33000,19.6,['Klargøring til sommer']
Ford,Golf,Sort,True,69000,66500,16.7,['Sten i ruden']
Volkswagen,Prius,Grøn,True,58000,55000,14.3,['Sætte vinterdæk på']
Jeep,Prius,Grå,False,53000,50000,20.7,['Klargøring til sommer']
Volkswagen,Mustang,Blå,True,42500,36500,24.5,['Sætte vinterdæk på']
Toyota,Mini,Grøn,False,42500,37000,15.1,['Ny olie']
Tesla,3,Rød,True,81500,79000,17.5,['Sætte vinterdæk på']
Volkswagen,3,Sort,True,52500,46500,20.2,['Nyt batteri']
Volvo,Mini,Grøn,True,51500,44500,15.4,['Sten i ruden']
Volvo,Mini,Blå,False,46000,40000,13.5,['Klargøring til sommer']
Ford,3,Sort,False,73500,67500,20.8,['Nyt batteri']
Tesla,3,Sort,True,82500,77000,17.0,['Nyt batteri']
Tesla,Mustang,Blå,False,81500,75500,17.9,['Sætte vinterdæk på']
Volkswagen,Mustang,Grå,True,77500,73000,24.9,['Klargøring til sommer']
Toyota,Golf,Grøn,False,82500,75500,23.5,['Ny olie']
Volkswagen,Mini,Sort,True,42000,39500,20.9,['Klargøring til sommer']
Toyota,Mustang,Grøn,True,63000,58000,19.9,['Skifte gearkasse']
Volkswagen,Golf,Grøn,True,50500,44500,20.5,['Klargøring til sommer']
Tesla,Stationcar,Grå,False,43000,37500,24.7,['Ny olie']
Jeep,Golf,Rød,False,46500,43500,20.7,['Sten i ruden']
Tesla,Mini,Grå,True,63000,56500,21.9,['Skifte dæk']
Volvo,Prius,Sort,True,61000,59000,15.5,['Nyt batteri']
Jeep,Mini,Sort,False,77000,70500,23.0,['Nyt batteri']
Volkswagen,Mustang,Gul,True,55500,49500,15.6,['Sten i ruden']
Ford,3,Sort,False,80500,75500,16.2,['Sætte vinterdæk på']
Volvo,Prius,Gul,True,83000,75500,22.2,['Sætte vinterdæk på']
Tesla,3,Blå,False,40000,37000,19.9,['Skifte gearkasse']
Volvo,Mini,Grå,False,75500,71000,13.0,['Klargøring til sommer']
Volkswagen,Mini,Gul,False,34500,31500,20.1,['Nyt batteri']
Volkswagen,Prius,Grå,False,68000,64500,22.5,['Skifte gearkasse']
Volkswagen,Mustang,Blå,False,42500,39500,17.9,['Sten i ruden']
Volkswagen,Golf,Hvid,False,80500,78500,20.8,['Nyt batteri']
Ford,Mustang,Sort,True,54500,49000,22.7,['Skifte gearkasse']
Toyota,Mini,Gul,True,54000,51500,22.1,['Skifte gearkasse']
Toyota,Stationcar,Sort,False,43500,38000,20.7,['Skifte gearkasse']
Tesla,Mustang,Grå,True,43000,35500,13.5,['Klargøring til sommer']
Toyota,Stationcar,Hvid,True,77500,72000,13.6,['Ny olie']
Toyota,Mini,Grå,True,63500,58500,17.9,['Skifte gearkasse']
Tesla,Stationcar,Rød,True,50500,45000,22.5,['Sætte vinterdæk på']
Ford,3,Hvid,False,81500,75500,13.3,['Sætte vinterdæk på']
Volvo,Stationcar,Grå,False,77000,74500,13.6,['Klargøring til sommer']
Ford,Mustang,Gul,True,71500,63500,22.9,['Sætte vinterdæk på']
Tesla,Mustang,Rød,False,80500,75500,24.4,['Skifte dæk']
Jeep,Stationcar,Hvid,True,70000,66500,23.0,['Sætte vinterdæk på']
Ford,Golf,Rød,True,68000,65500,20.1,['Ny olie']
Volvo,Stationcar,Sort,True,50000,46500,16.7,['Skifte dæk']
Volvo,Golf,Rød,False,51000,45000,24.4,['Sætte vinterdæk på']
Toyota,Mustang,Gul,True,49000,44000,25.0,['Sætte vinterdæk på']
Tesla,Mini,Rød,False,43000,40000,21.3,['Nyt batteri']
Ford,Golf,Grøn,True,65500,62500,23.7,['Ny olie']
Jeep,Mini,Grå,False,71000,67500,16.6,['Skifte dæk']
Tesla,Mini,Grøn,True,78000,71500,23.8,['Klargøring til sommer']
Jeep,3,Grøn,False,79000,75000,13.8,['Skifte dæk']
Volvo,Stationcar,Grå,True,35500,33000,17.7,['Sten i ruden']
Toyota,Mini,Sort,True,61000,57500,19.9,['Klargøring til sommer']
Volvo,Golf,Hvid,False,84000,79500,23.6,['Skifte gearkasse']
Ford,Prius,Blå,True,62000,55000,13.6,['Skifte dæk']
Tesla,Prius,Blå,True,63500,56500,24.6,['Klargøring til sommer']
Tesla,Mini,Gul,True,65000,57500,24.1,['Nyt batteri']
Jeep,Golf,Blå,True,60000,54500,19.9,['Skifte dæk']
Jeep,Golf,Sort,True,73500,66000,23.0,['Sætte vinterdæk på']
Jeep,Mustang,Grå,True,53500,48500,21.7,['Skifte gearkasse']
Volkswagen,Golf,Gul,True,61500,55500,22.4,['Sætte vinterdæk på']
Toyota,3,Grå,True,42000,38000,20.3,['Sten i ruden']
Jeep,Mini,Blå,False,59500,57000,24.2,['Klargøring til sommer']
Jeep,Stationcar,Gul,True,77000,75000,24.2,['Ny olie']
Toyota,Stationcar,Gul,True,34000,31500,20.1,['Sten i ruden']
Volkswagen,Prius,Grøn,True,58500,55500,20.2,['Skifte gearkasse']
Tesla,Prius,Hvid,True,70000,67000,14.1,['Skifte dæk']
Volkswagen,Mustang,Gul,False,80000,73500,18.1,['Sten i ruden']
Tesla,Golf,Hvid,True,38500,32000,20.6,['Klargøring til sommer']
Tesla,3,Sort,False,64500,59000,14.4,['Skifte gearkasse']
Volvo,Golf,Sort,True,48000,41000,15.4,['Sætte vinterdæk på']
Volkswagen,Prius,Rød,True,45000,40500,24.1,['Sten i ruden']
Ford,Stationcar,Grå,False,73000,70000,22.6,['Sætte vinterdæk på']
Volkswagen,Mustang,Hvid,False,72000,70000,22.5,['Skifte gearkasse']
Jeep,Mini,Gul,True,58500,52000,19.9,['Skifte dæk']
Volvo,Mustang,Rød,False,67000,64500,18.5,['Sten i ruden']
Jeep,3,Sort,False,63500,60000,13.6,['Skifte dæk']
Volvo,Prius,Grøn,False,42500,39500,14.4,['Skifte gearkasse']
Toyota,Mini,Blå,True,37000,32000,23.2,['Skifte gearkasse']
Ford,Mini,Grøn,False,37000,31000,20.9,['Sætte vinterdæk på']
Tesla,Stationcar,Hvid,True,67000,62500,16.9,['Nyt batteri']
Toyota,Prius,Hvid,False,61000,57500,21.2,['Sten i ruden']
Volkswagen,3,Hvid,True,50000,45000,18.4,['Sætte vinterdæk på']
Toyota,Stationcar,Gul,True,44000,36500,15.9,['Nyt batteri']
Toyota,Mini,Rød,True,72500,67500,20.4,['Sten i ruden']
Volkswagen,Golf,Blå,True,57500,50500,19.9,['Ny olie']
Volvo,Mini,Blå,True,58000,54500,19.4,['Skifte gearkasse']
Volvo,Golf,Sort,True,40000,34500,23.0,['Skifte dæk']
Tesla,3,Grøn,False,73500,65500,18.2,['Nyt batteri']
Volvo,Mini,Gul,False,80500,77000,14.7,['Nyt batteri']
Volvo,3,Grå,False,79500,72500,16.8,['Skifte dæk']
Jeep,Prius,Hvid,False,44000,36000,23.2,['Klargøring til sommer']
Tesla,Prius,Gul,False,57500,55000,21.8,['Klargøring til sommer']
Ford,3,Rød,False,48000,44000,16.0,['Nyt batteri']
Jeep,Mini,Sort,True,44000,40500,22.6,['Ny olie']
Volkswagen,Stationcar,Grå,False,57500,49500,14.0,['Skifte dæk']
Volvo,3,Hvid,False,77500,71500,22.6,['Skifte gearkasse']
Volkswagen,Mini,Rød,False,74000,71500,18.0,['Skifte gearkasse']
Ford,3,Grøn,True,59000,54000,14.1,['Skifte dæk']
Ford,Prius,Hvid,True,60500,53500,19.0,['Klargøring til sommer']
Tesla,Mustang,Rød,True,56000,52500,15.2,['Sætte vinterdæk på']
Volvo,Stationcar,Gul,False,84500,79500,14.2,['Nyt batteri']
Toyota,Mustang,Rød,False,58500,52000,22.1,['Nyt batteri']
Tesla,3,Gul,False,35000,30500,22.5,['Sætte vinterdæk på']
Toyota,Golf,Gul,False,70500,64000,23.6,['Skifte dæk']
Jeep,Prius,Sort,True,67000,60000,15.7,['Skifte gearkasse']
Jeep,Prius,Blå,True,66000,64000,13.2,['Ny olie']
Volvo,Mustang,Blå,True,37500,32000,19.1,['Sten i ruden']
Toyota,Stationcar,Blå,False,51500,47500,24.5,['Sten i ruden']
Volvo,Golf,Rød,False,51500,48500,19.8,['Sten i ruden']
Volkswagen,3,Grå,False,61000,54500,17.0,['Skifte gearkasse']
Volvo,Prius,Hvid,True,37000,33500,20.0,['Klargøring til sommer']
Volvo,Mini,Blå,False,66000,59500,23.0,['Skifte dæk']
Ford,Mini,Rød,True,72000,69000,22.4,['Ny olie']
Toyota,Stationcar,Grå,True,54000,51000,22.6,['Sten i ruden']
Ford,Golf,Grå,True,74000,71500,13.9,['Sætte vinterdæk på']
Volkswagen,Mustang,Blå,True,74500,68000,15.4,['Skifte dæk']
Tesla,Mustang,Grå,False,49500,42500,15.0,['Skifte dæk']
Toyota,Stationcar,Rød,False,39500,33500,20.8,['Ny olie']
Tesla,Stationcar,Blå,True,75000,67500,23.3,['Klargøring til sommer']
Jeep,Mini,Sort,True,63000,56000,17.0,['Sten i ruden']
Jeep,Mini,Grå,False,47000,43500,24.3,['Skifte dæk']
Volkswagen,Prius,Sort,False,71000,67000,13.3,['Skifte dæk']
Ford,Golf,Grå,False,70500,65000,24.5,['Klargøring til sommer']
Tesla,Stationcar,Grøn,False,66000,59500,15.5,['Klargøring til sommer']
Volkswagen,Mini,Sort,True,53500,51500,18.4,['Skifte gearkasse']
Volvo,Prius,Gul,False,34000,31000,16.7,['Sten i ruden']
Jeep,Golf,Rød,False,58500,51000,20.6,['Skifte dæk']
Volkswagen,Prius,Blå,True,58000,51500,15.4,['Ny olie']
Ford,Mustang,Rød,False,60500,55500,15.8,['Ny olie']
Volvo,Golf,Grøn,False,38500,34000,16.9,['Sætte vinterdæk på']
Toyota,Mustang,Hvid,True,53500,48500,19.5,['Sten i ruden']
Tesla,Mini,Gul,True,35500,31500,20.0,['Ny olie']
Tesla,Prius,Gul,False,38000,34500,15.7,['Skifte dæk']
Ford,Golf,Blå,True,77500,72000,21.4,['Ny olie']
Toyota,Stationcar,Blå,False,58000,52500,14.4,['Ny olie']
Jeep,Mini,Rød,True,59500,56000,13.9,['Klargøring til sommer']
Tesla,Golf,Grå,True,77500,72000,16.5,['Skifte gearkasse']
Toyota,3,Hvid,False,54000,48000,21.6,['Sætte vinterdæk på']
Toyota,Mini,Hvid,False,48500,43000,15.7,['Skifte gearkasse']
Ford,Mini,Grøn,False,46500,43500,21.8,['Ny olie']
Ford,Prius,Hvid,True,64000,57500,20.5,['Nyt batteri']
Tesla,3,Hvid,True,48500,43500,20.8,['Ny olie']
Volvo,3,Gul,False,40500,37500,16.7,['Sten i ruden']
Volvo,3,Sort,True,72000,68500,22.7,['Ny olie']
Volkswagen,Mini,Grøn,False,82500,79000,16.5,['Klargøring til sommer']
Tesla,Mini,Grå,True,70500,66000,15.9,['Klargøring til sommer']
Jeep,Prius,Grå,False,54000,49000,21.5,['Klargøring til sommer']
Tesla,Prius,Grøn,False,72500,69000,23.4,['Nyt batteri']
Tesla,Golf,Gul,False,58000,54000,20.9,['Sætte vinterdæk på']
Ford,Mustang,Gul,True,74500,68500,19.6,['Sten i ruden']
Jeep,Mini,Sort,False,40000,37500,24.7,['Skifte gearkasse']
Ford,3,Grøn,False,52000,46500,16.8,['Klargøring til sommer']
Ford,Mustang,Rød,True,61500,55000,19.6,['Nyt batteri']
Ford,Golf,Grå,False,73000,68000,17.5,['Skifte dæk']
Jeep,3,Hvid,True,70000,67000,16.4,['Skifte gearkasse']
Tesla,Golf,Rød,False,61500,55500,17.2,['Ny olie']
Toyota,Mini,Grå,False,61000,57500,19.0,['Nyt batteri']
Volvo,3,Hvid,False,62500,58500,20.1,['Ny olie']
Toyota,Stationcar,Blå,False,79000,72500,22.3,['Sætte vinterdæk på']
Toyota,Stationcar,Sort,True,47000,43000,14.8,['Skifte gearkasse']
Tesla,Golf,Grå,True,78000,73500,22.5,['Skifte dæk']
Ford,Golf,Grøn,False,62000,54500,19.4,['Klargøring til sommer']
Volvo,Mustang,Gul,True,54500,46500,21.8,['Sætte vinterdæk på']
Volvo,Stationcar,Gul,False,33000,30500,15.5,['Ny olie']
Toyota,Mustang,Grøn,True,58000,54000,16.9,['Skifte dæk']
Ford,Prius,Hvid,False,56000,49500,17.7,['Skifte dæk']
Tesla,Golf,Grå,True,39000,37000,20.0,['Skifte gearkasse']
Toyota,Stationcar,Grøn,True,49000,42000,16.7,['Klargøring til sommer']
Jeep,3,Gul,False,45000,39500,13.3,['Skifte gearkasse']
Volvo,Mustang,Grøn,True,61000,55000,18.6,['Ny olie']
Jeep,Golf,Blå,False,46500,43000,14.7,['Nyt batteri']
Tesla,3,Grå,False,77000,74500,22.4,['Sten i ruden']
Jeep,Stationcar,Rød,False,58000,50500,24.5,['Klargøring til sommer']
Tesla,Stationcar,Rød,False,82000,77500,19.8,['Sten i ruden']
Volkswagen,Mustang,Hvid,False,73000,68500,16.3,['Skifte gearkasse']
Ford,Mustang,Gul,True,83000,79000,22.9,['Skifte dæk']
Volvo,Mini,Grøn,False,56000,51500,18.9,['Nyt batteri']
Volvo,Mustang,Grå,False,71500,66500,13.2,['Klargøring til sommer']
Jeep,Golf,Grøn,True,74500,70500,19.8,['Skifte dæk']
Toyota,Stationcar,Hvid,True,49500,41500,14.8,['Klargøring til sommer']
Toyota,Golf,Sort,False,45500,37500,20.1,['Sætte vinterdæk på']
Toyota,3,Rød,True,83500,77000,21.0,['Sten i ruden']
Jeep,Mini,Hvid,True,82500,75000,21.8,['Skifte dæk']
Jeep,Mustang,Rød,True,75000,69500,17.6,['Klargøring til sommer']
Volkswagen,Prius,Rød,False,39500,34500,15.7,['Sætte vinterdæk på']
Ford,Prius,Gul,True,48500,42000,20.5,['Nyt batteri']
Jeep,3,Grå,True,55500,50500,16.7,['Klargøring til sommer']
Volkswagen,Mini,Grøn,True,83000,76500,19.6,['Sten i ruden']
Toyota,Mini,Blå,True,79500,71500,20.7,['Skifte dæk']
Ford,Mustang,Gul,True,68500,62000,13.8,['Skifte dæk']
Tesla,Prius,Sort,True,78000,71500,20.8,['Nyt batteri']
Toyota,Stationcar,Rød,False,69500,63000,24.5,['Ny olie']
Ford,Golf,Grøn,False,53000,46500,24.7,['Skifte gearkasse']
Jeep,Prius,Rød,True,71500,69500,15.3,['Ny olie']
Volvo,Prius,Rød,True,47500,44500,14.9,['Nyt batteri']
Tesla,Golf,Sort,False,37000,31500,22.7,['Skifte dæk']
Toyota,Mini,Rød,True,48500,45000,14.0,['Klargøring til sommer']
Toyota,Mini,Sort,True,52000,45000,13.0,['Skifte dæk']
Jeep,Prius,Gul,False,33500,31500,16.8,['Nyt batteri']
Volkswagen,Mini,Grøn,True,54500,51500,17.2,['Ny olie']
Toyota,Mini,Blå,False,64500,57000,19.8,['Nyt batteri']
Volvo,3,Grøn,False,49500,45500,16.6,['Klargøring til sommer']
Volkswagen,Stationcar,Hvid,True,72500,66000,23.3,['Ny olie']
Ford,Mini,Blå,True,44000,40000,14.6,['Sten i ruden']
Volkswagen,Prius,Blå,False,61500,59000,17.8,['Skifte dæk']
Ford,Stationcar,Grå,True,39500,34000,22.8,['Sten i ruden']
Toyota,Mustang,Sort,False,57500,51500,21.4,['Skifte gearkasse']
Ford,Mini,Hvid,False,62000,57500,13.1,['Skifte gearkasse']
Toyota,Golf,Blå,True,74500,69000,18.3,['Sætte vinterdæk på']
Volvo,Golf,Rød,False,65000,59000,20.4,['Klargøring til sommer']
Toyota,3,Blå,False,74000,71000,18.8,['Sætte vinterdæk på']
Ford,Stationcar,Rød,False,73000,71000,15.2,['Skifte gearkasse']
Toyota,3,Hvid,False,85000,77000,15.3,['Sten i ruden']
Volvo,Golf,Rød,True,40000,34000,22.2,['Sætte vinterdæk på']
Tesla,3,Blå,False,39500,37000,22.0,['Nyt batteri']
Jeep,Golf,Sort,True,76000,68000,15.5,['Skifte dæk']
Jeep,Stationcar,Rød,False,51000,47000,14.1,['Nyt batteri']
Toyota,Mustang,Sort,True,62000,57500,17.3,['Skifte gearkasse']
Toyota,3,Sort,False,38000,32000,23.3,['Skifte dæk']
Tesla,Mini,Grøn,True,80500,75000,23.8,['Klargøring til sommer']
Volkswagen,Stationcar,Grøn,False,39000,36000,17.7,['Nyt batteri']
Ford,Mustang,Sort,True,85000,79500,15.5,['Nyt batteri']
Ford,Stationcar,Rød,True,83000,76000,23.1,['Klargøring til sommer']
Ford,Mustang,Blå,True,79000,76500,21.8,['Skifte gearkasse']
Toyota,3,Sort,True,45000,38000,18.8,['Nyt batteri']
Tesla,Prius,Sort,False,81500,73500,23.8,['Klargøring til sommer']
Ford,Stationcar,Blå,False,46000,42000,16.8,['Sten i ruden']
Volkswagen,Prius,Sort,False,46500,41500,24.0,['Sten i ruden']
Volkswagen,Prius,Grå,True,64500,58000,21.4,['Ny olie']
Ford,Mini,Blå,True,39000,35000,13.9,['Skifte gearkasse']
Volkswagen,3,Hvid,False,51000,46500,17.0,['Sten i ruden']
Tesla,3,Rød,True,84500,80000,21.5,['Nyt batteri']
Ford,Stationcar,Blå,False,75000,69500,24.9,['Skifte gearkasse']
Tesla,3,Grøn,True,39000,33500,15.3,['Ny olie']
Volkswagen,Mustang,Sort,False,77000,70000,21.5,['Klargøring til sommer']
Tesla,Stationcar,Hvid,False,81500,75500,19.5,['Nyt batteri']
Volkswagen,Stationcar,Sort,True,46000,39500,15.5,['Sætte vinterdæk på']
Jeep,3,Sort,False,61500,56500,17.0,['Sten i ruden']
Jeep,Stationcar,Grøn,True,72500,65500,23.2,['Sætte vinterdæk på']
Ford,Prius,Grøn,False,82000,78500,18.0,['Skifte dæk']
Tesla,Mini,Grøn,True,72500,64500,24.5,['Skifte gearkasse']
Volvo,Prius,Blå,False,63000,56000,14.4,['Sten i ruden']
Jeep,Prius,Grøn,True,65500,59000,15.8,['Skifte dæk']
Volkswagen,Golf,Hvid,True,75500,69500,22.6,['Sten i ruden']
Ford,Stationcar,Grå,False,49000,42000,21.9,['Skifte gearkasse']
Toyota,3,Gul,False,51500,49500,24.4,['Skifte gearkasse']
Ford,Stationcar,Rød,True,70000,68000,15.7,['Ny olie']
Volvo,Prius,Grøn,True,71000,67500,18.8,['Sten i ruden']
Volvo,Mini,Rød,False,66000,63500,19.7,['Skifte gearkasse']
Volvo,3,Gul,False,67000,64000,14.8,['Skifte dæk']
Tesla,Mini,Sort,False,59500,52500,20.8,['Sten i ruden']
Volkswagen,3,Rød,True,72000,67500,22.3,['Skifte dæk']
Tesla,3,Gul,True,76500,74500,24.2,['Skifte dæk']
Tesla,Mini,Blå,True,55500,51500,16.8,['Ny olie']
Toyota,Prius,Grå,True,86500,79500,19.5,['Klargøring til sommer']
Toyota,Mini,Grøn,True,73000,66000,16.3,['Sætte vinterdæk på']
Volvo,Mini,Rød,False,48000,42000,14.4,['Sten i ruden']
Jeep,Prius,Rød,True,42500,40500,18.6,['Ny olie']
Jeep,Mini,Blå,True,62000,58000,14.4,['Ny olie']
Tesla,Stationcar,Hvid,True,45000,37500,19.1,['Sætte vinterdæk på']
Toyota,Mustang,Hvid,True,36500,30500,22.7,['Skifte gearkasse']
Toyota,Mustang,Gul,True,70500,67500,18.0,['Sten i ruden']
Ford,Mini,Grå,True,58500,54000,17.1,['Klargøring til sommer']
Jeep,Prius,Gul,True,87000,79000,14.0,['Nyt batteri']
Jeep,Mustang,Gul,False,70000,67500,21.2,['Sætte vinterdæk på']
Jeep,Prius,Grå,False,77500,74500,19.9,['Ny olie']
Toyota,3,Hvid,False,68000,65000,24.8,['Sætte vinterdæk på']
Jeep,Mini,Grøn,False,61000,57500,16.7,['Sten i ruden']
Tesla,3,Hvid,True,67500,60000,21.7,['Sætte vinterdæk på']
Toyota,Prius,Rød,True,78500,72500,21.8,['Ny olie']
Tesla,Stationcar,Rød,True,58500,56500,23.9,['Ny olie']
Volvo,Golf,Grå,False,69500,65000,13.7,['Nyt batteri']
Volvo,3,Rød,False,71500,64000,23.0,['Sten i ruden']
Ford,Prius,Grå,True,70000,66500,14.5,['Nyt batteri']
Toyota,Prius,Blå,False,38000,31500,24.9,['Nyt batteri']
Jeep,Prius,Sort,True,50500,43000,14.2,['Skifte gearkasse']
Toyota,Mini,Sort,True,67000,63000,23.2,['Ny olie']
Volkswagen,Prius,Rød,False,52000,50000,16.5,['Skifte dæk']
Jeep,Mini,Hvid,True,82500,75500,17.6,['Ny olie']
Toyota,Mini,Blå,False,49500,43500,22.6,['Skifte dæk']
Toyota,Mustang,Hvid,True,37500,30000,19.6,['Sten i ruden']
Volvo,Mustang,Grå,False,64000,59000,20.1,['Skifte gearkasse']
Volvo,Mustang,Blå,False,42000,39000,22.6,['Sætte vinterdæk på']
Volkswagen,Stationcar,Sort,False,78000,72000,23.6,['Skifte dæk']
Volvo,Stationcar,Grøn,True,36500,34500,15.3,['Ny olie']
Ford,Golf,Rød,False,70500,63500,24.1,['Skifte dæk']
Jeep,3,Sort,True,52000,49500,24.7,['Sten i ruden']
Jeep,Golf,Grå,False,48000,41500,16.4,['Skifte dæk']
Toyota,Mustang,Sort,False,40000,37000,21.0,['Ny olie']
Ford,3,Sort,True,80500,74500,23.8,['Sætte vinterdæk på']
Toyota,Prius,Grøn,False,70500,66000,21.5,['Skifte dæk']
Tesla,Prius,Gul,True,63000,57000,18.8,['Ny olie']
Ford,3,Grøn,False,78000,73000,20.0,['Skifte dæk']
Volkswagen,Mini,Blå,True,84500,79500,13.3,['Ny olie']
Tesla,3,Rød,False,74000,68500,21.9,['Sten i ruden']
Tesla,Golf,Grå,False,59000,53500,20.4,['Sten i ruden']
Jeep,Stationcar,Grøn,True,43500,37000,19.0,['Skifte dæk']
Volvo,Mini,Hvid,False,54000,50500,22.4,['Nyt batteri']
Toyota,3,Rød,True,74500,67000,24.2,['Sten i ruden']
Volkswagen,3,Rød,False,69000,66500,21.6,['Klargøring til sommer']
Tesla,Mustang,Blå,True,79000,76500,20.3,['Sten i ruden']
Volkswagen,Mustang,Grøn,False,86500,78500,19.0,['Skifte dæk']
Volvo,Mustang,Grøn,True,49500,44500,17.8,['Klargøring til sommer']
Jeep,Golf,Gul,True,68500,61500,18.2,['Nyt batteri']
Tesla,Mustang,Grå,False,65500,63000,22.8,['Skifte gearkasse']
Jeep,Mustang,Gul,False,67000,64000,24.1,['Nyt batteri']
Tesla,Stationcar,Grå,False,38000,32500,13.2,['Klargøring til sommer']
Toyota,Golf,Hvid,True,68500,65000,17.4,['Ny olie']
Toyota,Golf,Grå,False,35000,30000,20.2,['Ny olie']
Jeep,Mustang,Gul,True,77500,71500,17.0,['Ny olie']
Toyota,Prius,Grøn,False,72500,69000,24.6,['Skifte dæk']
Volkswagen,Mustang,Sort,False,59000,53000,14.5,['Sætte vinterdæk på']
Ford,3,Blå,True,54500,51500,19.5,['Skifte dæk']
Toyota,Mini,Hvid,True,82500,75500,21.0,['Nyt batteri']
Toyota,Mustang,Sort,True,86000,78500,13.3,['Sten i ruden']
Volvo,Prius,Grå,False,36000,32000,21.3,['Sætte vinterdæk på']
Jeep,Stationcar,Blå,True,48000,43000,14.8,['Skifte gearkasse']
Ford,3,Grå,False,65000,58000,18.1,['Skifte gearkasse']
Volvo,3,Sort,False,83000,78000,17.7,['Nyt batteri']
Volvo,Mustang,Gul,False,79000,73500,16.8,['Klargøring til sommer']
Volvo,Stationcar,Sort,False,71500,66000,21.3,['Skifte dæk']
Volkswagen,Golf,Grøn,True,62500,57500,14.5,['Sten i ruden']
Volvo,Golf,Gul,False,46000,40000,15.2,['Ny olie']
Volvo,Mini,Rød,False,47000,42500,20.8,['Klargøring til sommer']
Toyota,Mini,Gul,True,49000,43000,14.1,['Sætte vinterdæk på']
Toyota,Prius,Sort,False,69500,63000,16.6,['Skifte gearkasse']
Volvo,Prius,Rød,False,56500,51000,21.7,['Sten i ruden']
Ford,Stationcar,Grå,True,35500,33000,18.4,['Sætte vinterdæk på']
Volkswagen,Prius,Rød,False,58000,53500,13.9,['Nyt batteri']
Volvo,Stationcar,Rød,True,61500,57500,22.1,['Ny olie']
Tesla,Stationcar,Grå,True,75000,70500,19.2,['Nyt batteri']
Volkswagen,3,Gul,False,57000,53500,22.3,['Ny olie']
Jeep,3,Gul,True,58000,52500,20.6,['Skifte gearkasse']
Ford,Mustang,Grå,False,64500,60500,17.7,['Sætte vinterdæk på']
Volvo,Golf,Rød,False,71000,64500,18.3,['Nyt batteri']
Ford,Golf,Rød,False,64000,60500,18.6,['Klargøring til sommer']
Toyota,Stationcar,Grå,False,44000,39000,14.5,['Klargøring til sommer']
Volkswagen,Stationcar,Rød,False,67500,64500,24.1,['Skifte dæk']
Tesla,Golf,Grå,False,55500,48500,19.0,['Ny olie']
Jeep,Prius,Blå,True,73500,66000,18.7,['Skifte dæk']
Ford,Stationcar,Grå,False,73500,66500,23.8,['Sætte vinterdæk på']
Volkswagen,3,Grå,True,49000,45500,24.8,['Ny olie']
Ford,Stationcar,Blå,False,67500,60500,23.6,['Sten i ruden']
Volkswagen,Mustang,Blå,False,53000,49000,20.4,['Skifte gearkasse']
Jeep,Prius,Sort,True,66500,64000,14.3,['Klargøring til sommer']
Ford,Mustang,Gul,False,46500,44500,19.6,['Skifte dæk']
Toyota,Golf,Hvid,True,37500,35000,21.0,['Skifte gearkasse']
Tesla,Mini,Hvid,False,79500,72000,19.1,['Sten i ruden']
Volvo,Prius,Grøn,True,57500,51500,15.4,['Ny olie']
Toyota,3,Grøn,True,39000,34000,17.8,['Ny olie']
Toyota,Golf,Blå,False,39000,36000,21.3,['Ny olie']
Ford,3,Rød,True,73500,67500,17.7,['Ny olie']
Jeep,Golf,Sort,True,59000,55500,22.8,['Skifte dæk']
Volkswagen,3,Rød,True,83000,79000,20.9,['Ny olie']
Ford,Mini,Hvid,True,74000,69500,16.2,['Sætte vinterdæk på']
Toyota,Prius,Grå,True,36000,31000,23.5,['Sten i ruden']
Volvo,Golf,Gul,False,39500,35500,13.8,['Klargøring til sommer']
Ford,Prius,Rød,False,61500,57500,23.1,['Sten i ruden']
Volvo,Mustang,Rød,False,75000,71500,19.3,['Nyt batteri']
Toyota,3,Blå,False,56000,53500,20.3,['Nyt batteri']
Volkswagen,Mini,Hvid,True,68500,63500,23.6,['Klargøring til sommer']
Ford,3,Hvid,False,55500,50000,20.3,['Ny olie']
Toyota,Golf,Blå,True,53500,45500,14.9,['Nyt batteri']
Ford,Golf,Grøn,False,51500,47000,23.9,['Sten i ruden']
Volkswagen,Mini,Rød,False,68000,62500,16.8,['Sætte vinterdæk på']
Volvo,3,Hvid,True,81500,74000,16.3,['Klargøring til sommer']
Volvo,Mustang,Grå,True,47500,40500,19.3,['Ny olie']
Volvo,Golf,Rød,False,67500,64500,14.5,['Klargøring til sommer']
Toyota,Prius,Grøn,False,52500,49000,14.9,['Nyt batteri']
Jeep,Mini,Blå,False,56000,48500,17.2,['Nyt batteri']
Jeep,Prius,Gul,False,50000,44000,14.8,['Skifte gearkasse']
Jeep,Mustang,Rød,True,65000,59500,15.2,['Skifte dæk']
Toyota,3,Hvid,False,70500,64500,17.9,['Ny olie']
Volvo,Golf,Sort,False,38000,32500,24.2,['Skifte gearkasse']
Volvo,Mini,Rød,True,61000,58500,19.8,['Ny olie']
Volkswagen,Stationcar,Sort,False,55500,48000,13.0,['Nyt batteri']
Volkswagen,Mustang,Rød,True,59000,53000,21.9,['Nyt batteri']
Toyota,Mini,Gul,True,70500,63000,14.5,['Ny olie']
Volkswagen,Prius,Rød,False,74500,72500,14.1,['Ny olie']
Jeep,Mini,Gul,False,59500,53000,20.2,['Klargøring til sommer']
Volkswagen,Golf,Hvid,False,62500,58000,17.6,['Skifte dæk']
Volkswagen,Mustang,Grøn,True,55500,49500,16.6,['Klargøring til sommer']
Toyota,Mini,Blå,True,56000,53000,16.8,['Skifte dæk']
Volkswagen,Mustang,Rød,False,56500,52000,17.0,['Skifte gearkasse']
Volvo,3,Grå,True,48500,43500,23.0,['Sten i ruden']
Volvo,Mini,Blå,False,78000,74500,17.8,['Skifte dæk']
Ford,Stationcar,Rød,False,58500,51500,16.2,['Sten i ruden']
Toyota,Golf,Grøn,True,83500,76000,16.1,['Sætte vinterdæk på']
Toyota,3,Gul,True,49500,47000,17.8,['Ny olie']
Toyota,3,Hvid,False,59000,56000,23.9,['Klargøring til sommer']
Volvo,Mini,Sort,True,46500,39500,15.3,['Ny olie']
Jeep,Golf,Grøn,False,35000,30000,23.9,['Sten i ruden']
Toyota,Mini,Rød,True,69500,65000,24.3,['Skifte dæk']
Tesla,Golf,Rød,False,34500,32000,20.9,['Klargøring til sommer']
Volkswagen,3,Gul,True,35500,33000,24.2,['Skifte gearkasse']
Tesla,Golf,Grå,True,41500,36000,17.9,['Skifte dæk']
Volkswagen,3,Sort,True,59500,55000,17.5,['Sætte vinterdæk på']
Jeep,Golf,Sort,False,55500,48500,18.3,['Skifte gearkasse']
Volvo,Stationcar,Grå,True,54500,49500,22.6,['Nyt batteri']
Volvo,Mustang,Grå,False,76000,73500,13.1,['Sætte vinterdæk på']
Volvo,3,Hvid,True,43500,37500,15.6,['Sten i ruden']
Ford,Stationcar,Hvid,False,81000,78500,24.1,['Nyt batteri']
Ford,3,Grå,True,48500,44000,17.0,['Skifte gearkasse']
Volkswagen,Mustang,Rød,False,68500,60500,16.5,['Klargøring til sommer']
Ford,Prius,Hvid,True,58000,54000,19.3,['Klargøring til sommer']
Tesla,Golf,Hvid,True,59500,54000,22.5,['Sten i ruden']
Toyota,Golf,Hvid,False,56500,54000,15.3,['Skifte gearkasse']
Tesla,Stationcar,Gul,True,70000,64000,14.3,['Ny olie']
Toyota,Mustang,Blå,False,47000,42000,13.0,['Sten i ruden']
Jeep,Prius,Sort,True,52500,50000,23.6,['Sætte vinterdæk på']
Ford,Prius,Hvid,True,33500,30500,16.0,['Klargøring til sommer']
Volkswagen,Prius,Grå,False,32500,30000,16.0,['Sten i ruden']
Tesla,Golf,Sort,True,52500,48000,22.0,['Skifte dæk']
Ford,Stationcar,Grøn,True,67500,62500,23.2,['Sten i ruden']
Volvo,Stationcar,Hvid,True,83000,79500,24.2,['Nyt batteri']
Volkswagen,Stationcar,Grøn,False,63000,60500,21.1,['Klargøring til sommer']
Volvo,Golf,Blå,False,54500,48500,14.9,['Sten i ruden']
Volkswagen,3,Gul,False,48500,43500,18.0,['Skifte dæk']
Volkswagen,Golf,Hvid,False,78500,75000,18.7,['Klargøring til sommer']
Toyota,Mini,Hvid,True,73000,67000,19.9,['Skifte gearkasse']
Volvo,Prius,Hvid,True,66500,58500,16.0,['Klargøring til sommer']
Volkswagen,Golf,Grøn,False,49000,44500,19.1,['Skifte dæk']
Jeep,Prius,Sort,False,72500,69000,20.6,['Ny olie']
Volkswagen,Mustang,Grå,True,73000,65000,19.5,['Ny olie']
Tesla,Stationcar,Gul,True,73500,71500,22.2,['Sten i ruden']
Volvo,Mini,Grøn,False,81000,79000,22.1,['Nyt batteri']
Volvo,Prius,Hvid,False,52000,44000,19.8,['Nyt batteri']
Volvo,Mini,Gul,False,59000,54000,21.2,['Klargøring til sommer']
Volkswagen,3,Hvid,True,56500,54000,22.0,['Sætte vinterdæk på']
Ford,Golf,Gul,False,84000,78500,15.9,['Sætte vinterdæk på']
Tesla,Mini,Blå,True,43000,37500,19.9,['Skifte dæk']
Volvo,Mustang,Gul,False,48500,46000,24.5,['Sætte vinterdæk på']
Tesla,Mini,Rød,True,62500,58000,24.7,['Sten i ruden']
Ford,Mini,Rød,False,62000,56000,19.1,['Nyt batteri']
Jeep,Prius,Blå,True,69500,66000,23.0,['Klargøring til sommer']
Volvo,Mini,Blå,False,49000,45000,23.4,['Skifte gearkasse']
Volvo,Mini,Blå,True,43000,40000,20.3,['Klargøring til sommer']
Volkswagen,Golf,Gul,True,81000,78000,19.7,['Skifte gearkasse']
Toyota,Golf,Sort,True,79000,71500,24.0,['Nyt batteri']
Tesla,Mini,Rød,True,79500,71500,23.5,['Nyt batteri']
Volvo,Prius,Gul,False,50000,47500,23.7,['Sten i ruden']
Tesla,Mustang,Gul,False,48000,43500,24.3,['Sætte vinterdæk på']
Volvo,Prius,Gul,True,84500,78500,20.7,['Ny olie']
Volkswagen,Mini,Hvid,True,70000,68000,19.8,['Klargøring til sommer']
Tesla,Prius,Sort,False,77000,72500,15.5,['Ny olie']
Tesla,Mustang,Grå,True,66000,60000,13.4,['Klargøring til sommer']
Jeep,Mustang,Rød,False,46000,44000,17.5,['Skifte gearkasse']
Ford,Golf,Gul,True,54500,49500,20.8,['Nyt batteri']
Ford,Mini,Gul,False,78000,72500,13.8,['Skifte dæk']
Toyota,Mustang,Grå,True,50500,42500,24.6,['Nyt batteri']
Volkswagen,3,Grøn,False,50500,43000,16.7,['Sætte vinterdæk på']
Volkswagen,Mustang,Grå,True,37500,31000,17.7,['Sætte vinterdæk på']
Volkswagen,Mustang,Gul,True,74000,70500,16.7,['Ny olie']
Tesla,Golf,Sort,False,48000,45500,19.2,['Skifte gearkasse']
Volkswagen,Stationcar,Grøn,True,61500,55000,14.3,['Ny olie']
Tesla,Stationcar,Grå,True,34000,30000,19.5,['Sten i ruden']
Volvo,Mini,Rød,False,79500,77000,20.0,['Skifte dæk']
Toyota,Golf,Grå,False,60000,54500,22.3,['Sten i ruden']
Jeep,Mini,Grøn,False,43000,40500,17.7,['Sten i ruden']
Toyota,Golf,Hvid,False,55000,51000,15.0,['Sætte vinterdæk på']
Volvo,Stationcar,Grå,False,59500,56000,15.6,['Nyt batteri']
Jeep,3,Grøn,False,57000,50500,16.5,['Nyt batteri']
Ford,Mustang,Grøn,True,48500,41000,14.4,['Sten i ruden']
Volkswagen,Golf,Grøn,False,69000,61000,23.5,['Klargøring til sommer']
Volkswagen,Mustang,Gul,True,69000,62000,22.7,['Klargøring til sommer']
Ford,Prius,Sort,True,61000,56000,24.1,['Skifte gearkasse']
Ford,Stationcar,Blå,False,76500,71000,14.1,['Skifte gearkasse']
Toyota,Mini,Hvid,True,44500,41000,22.8,['Skifte gearkasse']
Toyota,3,Rød,False,72500,67000,13.3,['Klargøring til sommer']
Ford,Stationcar,Blå,True,52000,49000,15.7,['Klargøring til sommer']
Volkswagen,Golf,Sort,False,71000,66000,24.1,['Klargøring til sommer']
Volvo,Mustang,Blå,False,85500,80000,22.8,['Klargøring til sommer']
Toyota,Stationcar,Hvid,False,63500,58000,15.0,['Ny olie']
Toyota,Stationcar,Grå,True,55000,47500,14.0,['Sætte vinterdæk på']
Tesla,Prius,Hvid,True,48500,45500,16.3,['Nyt batteri']
Volkswagen,Mini,Gul,False,52500,47000,13.7,['Nyt batteri']
Toyota,Stationcar,Gul,False,79500,72000,21.5,['Nyt batteri']
Volkswagen,Mini,Rød,True,58000,55000,24.0,['Skifte gearkasse']
Volkswagen,Mini,Grå,False,37500,31000,17.1,['Skifte gearkasse']
Ford,Stationcar,Hvid,False,54500,52500,17.0,['Nyt batteri']
Volvo,Mini,Hvid,False,66000,60000,21.3,['Klargøring til sommer']
Jeep,Golf,Blå,True,38500,31000,19.5,['Sætte vinterdæk på']
Volkswagen,Mini,Blå,True,75000,72000,17.1,['Sætte vinterdæk på']
Tesla,Golf,Grå,True,53500,48500,21.2,['Klargøring til sommer']
Toyota,Prius,Rød,False,38500,33000,16.6,['Klargøring til sommer']
Volkswagen,Mustang,Sort,True,64500,57000,18.6,['Sætte vinterdæk på']
Jeep,Stationcar,Gul,False,63500,60000,18.0,['Ny olie']
Jeep,Stationcar,Sort,True,81500,78500,23.2,['Sten i ruden']
Tesla,Mustang,Grå,True,70500,68000,19.0,['Sætte vinterdæk på']
Volvo,Mustang,Sort,False,51500,49500,17.2,['Nyt batteri']
Toyota,Stationcar,Sort,True,39000,33000,13.6,['Skifte dæk']
Jeep,Mustang,Hvid,False,81000,74000,17.0,['Skifte dæk']
Tesla,Prius,Sort,False,84000,76000,21.4,['Klargøring til sommer']
Toyota,Mini,Blå,True,62500,59500,18.0,['Sætte vinterdæk på']
Volkswagen,Mini,Gul,False,51500,49500,19.3,['Sten i ruden']
Jeep,Mustang,Gul,True,54000,50500,21.0,['Skifte dæk']
Volkswagen,Mustang,Grå,False,49000,47000,23.8,['Klargøring til sommer']
Tesla,Stationcar,Blå,False,75000,68500,21.1,['Sætte vinterdæk på']
Jeep,Mini,Sort,False,33500,30000,16.3,['Sætte vinterdæk på']
Tesla,Mustang,Blå,False,40500,37500,22.4,['Nyt batteri']
Toyota,3,Grå,True,78500,75500,19.8,['Nyt batteri']
Tesla,Stationcar,Grøn,False,52000,47500,13.6,['Sten i ruden']
Jeep,Mini,Grøn,True,51000,46500,16.4,['Ny olie']
Ford,Prius,Rød,True,52500,46500,17.0,['Skifte gearkasse']
Volvo,Mustang,Grøn,False,69000,64500,16.5,['Skifte dæk']
Volvo,3,Hvid,True,44000,38500,23.5,['Klargøring til sommer']
Jeep,Prius,Hvid,True,53500,50000,17.1,['Nyt batteri']
Toyota,Prius,Grå,True,49000,44500,15.1,['Sten i ruden']
Toyota,3,Sort,True,64000,61500,18.3,['Skifte dæk']
Tesla,Prius,Rød,False,35500,31000,17.5,['Skifte dæk']
Toyota,Golf,Gul,False,46500,43000,16.1,['Klargøring til sommer']
Volvo,Golf,Grå,True,52000,50000,15.1,['Skifte dæk']
Tesla,3,Blå,False,37000,34500,21.9,['Skifte dæk']
Ford,Stationcar,Gul,True,70000,65000,22.6,['Skifte gearkasse']
Ford,Prius,Blå,False,73000,70000,18.7,['Skifte gearkasse']
Volvo,Stationcar,Grå,False,49000,42000,17.2,['Skifte dæk']
Toyota,Stationcar,Rød,True,82000,75000,15.0,['Sten i ruden']
Tesla,Mustang,Grøn,False,49000,46500,13.8,['Klargøring til sommer']
Jeep,Mini,Hvid,True,54000,48500,14.0,['Skifte dæk']
Tesla,Golf,Blå,True,50500,48500,19.0,['Klargøring til sommer']
Volvo,Mustang,Gul,True,51000,46500,19.7,['Ny olie']
Volvo,Mini,Hvid,False,43500,37000,19.4,['Sætte vinterdæk på']
Volvo,Prius,Hvid,False,77500,72500,22.9,['Nyt batteri']
Jeep,Golf,Gul,False,72500,67000,13.1,['Skifte gearkasse']
Ford,Prius,Rød,False,55500,49500,23.1,['Sætte vinterdæk på']
Jeep,Prius,Grøn,True,80500,75500,19.9,['Ny olie']
Tesla,Mini,Hvid,True,59500,52000,19.5,['Sten i ruden']
Volvo,3,Grå,False,69000,65500,18.4,['Skifte gearkasse']
Toyota,Mustang,Blå,False,73000,66500,22.5,['Skifte dæk']
Volvo,Stationcar,Sort,False,44500,40000,14.6,['Sten i ruden']
Jeep,Mini,Grå,False,40000,33500,17.6,['Sten i ruden']
Ford,Stationcar,Blå,True,53000,48000,14.1,['Ny olie']
Toyota,3,Grå,False,44500,37000,16.4,['Skifte gearkasse']
Tesla,Prius,Rød,False,54500,46500,16.4,['Ny olie']
Tesla,3,Gul,False,76500,73000,15.5,['Sten i ruden']
Tesla,Prius,Grøn,True,43000,36500,15.4,['Sætte vinterdæk på']
Ford,Stationcar,Grøn,False,57000,51000,18.4,['Skifte gearkasse']
Ford,Mini,Hvid,True,80500,76000,13.9,['Sten i ruden']
Jeep,Golf,Grøn,False,51500,47000,22.0,['Nyt batteri']
Toyota,3,Rød,True,57500,52500,14.1,['Nyt batteri']
Toyota,Prius,Rød,False,67500,62500,23.4,['Sten i ruden']
Volkswagen,Golf,Rød,False,48000,46000,18.1,['Ny olie']
Ford,Mini,Sort,True,73500,67500,23.1,['Sætte vinterdæk på']
Toyota,Golf,Sort,False,40500,38500,20.1,['Sætte vinterdæk på']
Volvo,3,Gul,False,70500,65500,18.8,['Sætte vinterdæk på']
Ford,3,Sort,False,80000,76000,20.4,['Ny olie']
Tesla,Prius,Gul,False,54500,49000,18.0,['Ny olie']
Volvo,Golf,Grå,True,78000,74000,18.7,['Klargøring til sommer']
Jeep,Golf,Sort,True,77500,71500,20.6,['Skifte gearkasse']
Ford,Mini,Hvid,True,39000,33500,19.4,['Klargøring til sommer']
Jeep,Prius,Grå,False,68500,62500,18.4,['Ny olie']
Volkswagen,Mustang,Rød,True,41000,34500,18.5,['Skifte dæk']
Ford,3,Gul,False,68500,65500,13.6,['Skifte gearkasse']
Volkswagen,Prius,Gul,True,52500,44500,16.8,['Nyt batteri']
Jeep,Golf,Blå,False,48000,44500,24.3,['Skifte dæk']
Volkswagen,Golf,Grå,True,71500,63500,14.0,['Sten i ruden']
Tesla,Mini,Blå,True,44500,39000,16.9,['Skifte dæk']
Volvo,3,Rød,False,82500,76500,21.9,['Sætte vinterdæk på']
Volvo,Mustang,Gul,True,37500,30500,18.4,['Sætte vinterdæk på']
Toyota,Mustang,Gul,False,38000,35000,22.3,['Sten i ruden']
Toyota,Mustang,Sort,False,73000,71000,24.8,['Skifte gearkasse']
Ford,Golf,Rød,True,41000,36000,25.0,['Nyt batteri']
Ford,Golf,Rød,True,45500,42000,19.3,['Sten i ruden']
Ford,Golf,Gul,False,59000,56000,17.2,['Klargøring til sommer']
Ford,Mini,Gul,False,48500,45500,16.8,['Ny olie']
Volkswagen,Mustang,Grøn,True,38500,36000,24.0,['Sætte vinterdæk på']
Volkswagen,Golf,Gul,True,47500,43500,20.7,['Skifte gearkasse']
Ford,Stationcar,Grå,True,71000,63500,20.3,['Ny olie']
Tesla,Mustang,Gul,True,75000,71500,13.3,['Ny olie']
Ford,Mustang,Blå,True,79000,76000,18.6,['Skifte dæk']
Tesla,Stationcar,Sort,False,42000,38500,22.4,['Skifte gearkasse']
Jeep,Stationcar,Hvid,True,66000,63000,17.5,['Sten i ruden']
Ford,Mustang,Rød,False,47500,41500,16.5,['Skifte gearkasse']
Jeep,Stationcar,Gul,False,71000,63500,16.2,['Skifte gearkasse']
Volvo,Golf,Blå,True,54500,50000,18.3,['Sætte vinterdæk på']
Tesla,Mustang,Hvid,False,59000,51500,22.0,['Ny olie']
Toyota,Golf,Gul,True,80500,78500,20.4,['Nyt batteri']
Tesla,Mustang,Sort,False,46000,42500,24.9,['Skifte gearkasse']
Toyota,3,Grøn,False,56000,53000,19.7,['Skifte dæk']
Volkswagen,Mini,Sort,False,61000,54500,19.2,['Nyt batteri']
Volvo,Mustang,Blå,False,70000,66000,17.4,['Ny olie']
Tesla,3,Sort,False,85000,79000,14.3,['Sten i ruden']
Volvo,Prius,Hvid,True,58500,52500,13.1,['Skifte gearkasse']
Toyota,Mini,Hvid,True,64500,59000,20.5,['Skifte dæk']
Ford,Mini,Sort,True,75500,70000,19.4,['Sætte vinterdæk på']
Tesla,3,Gul,False,71500,68500,15.1,['Nyt batteri']
Toyota,Prius,Sort,True,63000,56000,21.4,['Klargøring til sommer']
Toyota,3,Rød,False,55500,53000,21.4,['Sætte vinterdæk på']
Tesla,Golf,Grå,False,83000,78500,14.1,['Skifte gearkasse']
Jeep,Prius,Gul,True,50500,44500,17.7,['Nyt batteri']
Volvo,3,Gul,True,82500,76000,16.5,['Nyt batteri']
Volvo,Stationcar,Rød,True,42000,36000,18.0,['Sætte vinterdæk på']
Volvo,Golf,Grå,True,71000,68000,13.1,['Klargøring til sommer']
Ford,Stationcar,Grå,True,58500,56500,24.0,['Sætte vinterdæk på']
Jeep,Stationcar,Grøn,False,62500,58000,20.5,['Ny olie']
Toyota,Mustang,Rød,False,56500,49500,23.8,['Skifte gearkasse']
Tesla,Mustang,Rød,False,75000,67000,16.4,['Nyt batteri']
Tesla,Prius,Gul,False,49000,43500,24.6,['Skifte gearkasse']
Ford,Mini,Blå,False,55000,49000,22.3,['Klargøring til sommer']
Jeep,Prius,Sort,False,68500,62500,16.3,['Skifte dæk']
Tesla,3,Sort,False,57500,52500,18.4,['Skifte gearkasse']
Tesla,Prius,Grøn,True,54500,52000,18.9,['Skifte dæk']
Ford,Stationcar,Blå,False,51000,46500,18.2,['Skifte gearkasse']
Tesla,Prius,Blå,False,62000,57000,18.7,['Skifte gearkasse']
Volkswagen,Golf,Blå,False,41500,35000,23.2,['Skifte dæk']
Ford,Golf,Grøn,False,37000,31500,15.9,['Nyt batteri']
Jeep,Mustang,Sort,True,47000,43000,21.9,['Sætte vinterdæk på']
Jeep,Mustang,Hvid,True,78500,72000,20.2,['Klargøring til sommer']
Ford,3,Sort,False,75000,70500,16.2,['Nyt batteri']
Volvo,Prius,Blå,True,81000,79000,15.8,['Nyt batteri']
Jeep,Mini,Blå,False,78000,72000,24.7,['Sætte vinterdæk på']
Toyota,Golf,Hvid,False,47000,40000,22.1,['Skifte gearkasse']
Volkswagen,3,Rød,False,83000,79500,17.6,['Ny olie']
Toyota,Golf,Gul,False,74500,71000,23.3,['Sten i ruden']
Toyota,3,Sort,False,34000,31000,19.5,['Skifte dæk']
Volkswagen,Golf,Grøn,True,39500,37000,13.0,['Nyt batteri']
Jeep,Prius,Grøn,True,83500,77500,13.8,['Nyt batteri']
Ford,Golf,Blå,True,63000,56000,13.3,['Sætte vinterdæk på']
Ford,Golf,Sort,True,39500,36000,20.0,['Ny olie']
Tesla,Mini,Rød,False,43000,35000,24.1,['Nyt batteri']
Jeep,Stationcar,Grøn,True,59000,53000,21.9,['Ny olie']
Volvo,Stationcar,Hvid,False,49000,41500,23.7,['Skifte dæk']
Tesla,Prius,Rød,True,76000,71500,13.5,['Klargøring til sommer']
Volvo,Golf,Grøn,False,82500,78000,15.7,['Klargøring til sommer']
Volvo,Mustang,Gul,True,40000,36000,20.4,['Sætte vinterdæk på']
Jeep,Mustang,Rød,True,65500,63500,15.5,['Ny olie']
Ford,Stationcar,Gul,True,55500,49500,15.8,['Klargøring til sommer']
Toyota,Golf,Rød,False,37000,31500,21.9,['Nyt batteri']
Jeep,Prius,Grøn,False,72500,68500,22.2,['Nyt batteri']
Ford,3,Grå,False,36000,30500,24.2,['Ny olie']
Tesla,Stationcar,Grå,True,45500,41000,20.2,['Skifte dæk']
Ford,Stationcar,Grå,True,46000,38000,21.1,['Nyt batteri']
Volkswagen,3,Grøn,True,71000,65000,18.3,['Sten i ruden']
Ford,Mustang,Gul,True,72000,69000,24.0,['Ny olie']
Jeep,Stationcar,Grøn,True,76500,69500,21.8,['Sætte vinterdæk på']
Volvo,Prius,Hvid,True,49000,44500,23.8,['Skifte gearkasse']
Volvo,Mini,Sort,False,61000,54000,24.1,['Skifte gearkasse']
Volvo,Stationcar,Grøn,True,54000,49500,16.5,['Skifte gearkasse']
Volvo,Mustang,Grå,True,54500,51000,21.5,['Sten i ruden']
Volvo,Golf,Grøn,True,72000,67500,23.7,['Skifte gearkasse']
Ford,Mustang,Sort,True,70000,64000,20.8,['Skifte dæk']
Ford,Golf,Hvid,True,38500,32000,23.4,['Klargøring til sommer']
Tesla,Mini,Hvid,True,74000,71500,17.6,['Klargøring til sommer']
Toyota,Mini,Rød,False,35000,30000,20.2,['Skifte dæk']
Volkswagen,Prius,Grøn,False,40000,37000,13.4,['Nyt batteri']
Toyota,Mustang,Rød,False,42500,35000,13.4,['Skifte dæk']
Jeep,Prius,Sort,True,81000,77000,13.2,['Sten i ruden']
Volkswagen,Mustang,Grå,False,53500,45500,14.4,['Sætte vinterdæk på']
Volkswagen,3,Sort,True,50500,46000,20.7,['Sætte vinterdæk på']
Volkswagen,Golf,Blå,True,77000,71500,19.2,['Sætte vinterdæk på']
Jeep,Golf,Grøn,False,85500,78500,21.2,['Ny olie']
Jeep,Prius,Rød,False,61500,57500,22.0,['Klargøring til sommer']
Tesla,Prius,Hvid,True,63500,55500,15.6,['Ny olie']
Jeep,Prius,Blå,True,39000,35500,24.0,['Skifte gearkasse']
Volkswagen,3,Grøn,False,64000,56500,15.5,['Skifte dæk']
Volkswagen,Golf,Sort,False,84000,78500,21.7,['Klargøring til sommer']
Jeep,Mini,Gul,True,84000,79000,18.1,['Sætte vinterdæk på']
Tesla,Mini,Sort,False,36000,31500,13.5,['Sten i ruden']
Toyota,Stationcar,Sort,False,71000,65500,14.5,['Klargøring til sommer']
Jeep,Golf,Rød,False,73500,70500,20.7,['Klargøring til sommer']
Jeep,Mini,Sort,False,56500,51000,24.9,['Ny olie']
Ford,Prius,Gul,True,61000,59000,23.8,['Skifte dæk']
Volkswagen,Golf,Gul,True,84000,78000,16.6,['Skifte gearkasse']
Ford,Mustang,Gul,False,53500,49000,20.4,['Nyt batteri']
Tesla,Mini,Hvid,False,61500,59500,19.1,['Klargøring til sommer']
Volkswagen,Prius,Grå,True,71500,69500,14.3,['Sætte vinterdæk på']
Jeep,Golf,Grøn,True,41500,36000,16.2,['Nyt batteri']
Ford,Mustang,Sort,False,79000,75500,18.5,['Klargøring til sommer']
Jeep,Mini,Blå,True,83500,80000,16.0,['Skifte dæk']
Volkswagen,Mustang,Rød,True,59500,51500,14.5,['Nyt batteri']
Volkswagen,Stationcar,Rød,False,85000,77500,21.3,['Skifte dæk']
Toyota,Stationcar,Sort,False,57500,51500,24.1,['Nyt batteri']
Volvo,Mini,Grå,True,56000,52000,23.4,['Nyt batteri']
Ford,Mini,Blå,True,82000,76500,17.5,['Sten i ruden']
Ford,Mini,Hvid,False,80500,75500,20.5,['Skifte gearkasse']
Toyota,Prius,Grøn,False,46000,41000,15.4,['Ny olie']
Ford,Mini,Rød,False,55000,52500,17.8,['Skifte dæk']
Volkswagen,Mustang,Rød,True,64500,59500,24.8,['Skifte dæk']
Jeep,Stationcar,Hvid,True,54000,49500,17.6,['Ny olie']
Toyota,Prius,Sort,True,55500,51500,17.9,['Sætte vinterdæk på']
Jeep,Prius,Sort,True,58500,55500,19.3,['Klargøring til sommer']
Tesla,Golf,Hvid,False,51000,47000,16.2,['Skifte dæk']
Toyota,Stationcar,Hvid,True,66500,63500,17.1,['Skifte gearkasse']
Jeep,Golf,Rød,True,70000,63500,14.4,['Skifte gearkasse']
Jeep,Golf,Grå,False,73500,68000,18.4,['Sten i ruden']
Tesla,3,Rød,True,59500,56000,15.1,['Sten i ruden']
Toyota,Prius,Rød,True,47500,42000,17.2,['Nyt batteri']
Ford,Mustang,Rød,True,56000,49000,14.4,['Nyt batteri']
Jeep,Mustang,Hvid,False,84500,77000,21.2,['Skifte dæk']
Toyota,Stationcar,Grøn,False,37000,33000,15.9,['Ny olie']
Tesla,Mini,Hvid,True,81000,76000,17.4,['Nyt batteri']
Ford,Stationcar,Sort,True,66000,63500,17.6,['Sten i ruden']
Jeep,Mini,Rød,False,73500,69000,20.5,['Skifte dæk']
Volvo,Golf,Gul,True,49000,45500,24.1,['Sten i ruden']
Volvo,Mustang,Sort,False,47000,42500,22.1,['Sætte vinterdæk på']
Tesla,Mini,Blå,True,84000,79000,21.3,['Sten i ruden']
Ford,Mini,Grøn,False,59000,55000,23.2,['Sten i ruden']
Toyota,Prius,Grå,True,81500,76500,21.8,['Sten i ruden']
Jeep,Mustang,Gul,True,43000,39000,24.2,['Sætte vinterdæk på']
Ford,Mini,Grå,True,68500,64000,14.6,['Sten i ruden']
Volkswagen,Mustang,Gul,True,66500,60000,18.5,['Klargøring til sommer']
Volkswagen,Prius,Gul,False,77500,72000,14.6,['Skifte gearkasse']
Volkswagen,Stationcar,Grøn,True,52000,49000,21.2,['Klargøring til sommer']
Volvo,Golf,Sort,True,45500,39000,16.8,['Skifte gearkasse']
Tesla,Mustang,Grå,True,73000,66500,19.3,['Klargøring til sommer']
Jeep,Prius,Gul,True,68500,64500,21.0,['Nyt batteri']
Tesla,Prius,Grøn,True,60500,55000,17.1,['Sætte vinterdæk på']
Jeep,Mini,Gul,False,50000,45500,15.9,['Klargøring til sommer']
Tesla,Golf,Grå,True,41500,38000,22.4,['Sætte vinterdæk på']
Ford,Prius,Gul,True,79000,77000,21.5,['Sætte vinterdæk på']
Tesla,Stationcar,Grøn,False,38000,31500,15.1,['Sten i ruden']
Volkswagen,Mini,Rød,True,58000,54000,13.3,['Ny olie']
Jeep,Mustang,Blå,False,66500,59500,20.6,['Skifte dæk']
Volkswagen,3,Hvid,True,59000,56500,21.2,['Nyt batteri']
Ford,Golf,Grå,False,80500,76500,22.5,['Skifte gearkasse']
Volvo,3,Grøn,True,36500,34000,22.8,['Skifte gearkasse']
Volkswagen,Mini,Blå,True,75000,70500,17.2,['Skifte dæk']
Tesla,Mustang,Gul,False,67000,63000,22.6,['Nyt batteri']
Volkswagen,Golf,Hvid,True,68000,63500,22.8,['Skifte gearkasse']
Volkswagen,Mustang,Rød,False,50500,47000,21.5,['Skifte dæk']
Toyota,Mustang,Hvid,False,55000,49500,24.4,['Skifte dæk']
Ford,Mini,Rød,True,36000,30000,13.9,['Skifte gearkasse']
Ford,3,Blå,False,44500,39000,13.6,['Sætte vinterdæk på']
Volkswagen,Mini,Rød,False,52500,46000,16.5,['Ny olie']
Volvo,Prius,Hvid,False,43000,38500,21.8,['Ny olie']
Toyota,Mini,Hvid,False,77000,70000,16.5,['Sætte vinterdæk på']
Volkswagen,Stationcar,Hvid,False,53000,47000,22.9,['Sætte vinterdæk på']
Tesla,Stationcar,Blå,False,35500,30500,21.3,['Nyt batteri']
Tesla,Prius,Rød,True,44000,38000,19.3,['Nyt batteri']
Tesla,Golf,Hvid,False,71500,64000,20.7,['Skifte dæk']
Jeep,Mustang,Gul,True,78000,70500,20.4,['Ny olie']
Tesla,Mini,Sort,True,41000,36500,16.1,['Skifte dæk']
Volkswagen,Prius,Hvid,False,79000,75500,24.7,['Skifte gearkasse']
Volvo,3,Grøn,True,58000,50000,13.6,['Klargøring til sommer']
Toyota,Mustang,Blå,False,58000,53500,22.5,['Ny olie']
Toyota,Prius,Blå,False,72000,65000,19.5,['Ny olie']
Jeep,Mustang,Blå,False,56500,53000,24.5,['Ny olie']
Ford,Prius,Blå,True,41000,37500,18.8,['Skifte dæk']
Ford,Prius,Sort,False,59500,51500,21.4,['Sætte vinterdæk på']
Tesla,3,Gul,True,49500,45000,23.5,['Sten i ruden']
Volvo,Stationcar,Sort,True,74000,68000,21.8,['Skifte gearkasse']
Volvo,Mini,Blå,True,65000,58000,21.3,['Sætte vinterdæk på']
Ford,Golf,Rød,False,81000,76000,20.3,['Skifte dæk']
Tesla,Mini,Grå,True,54000,51500,13.2,['Nyt batteri']
Ford,Mini,Grøn,True,43500,37000,24.3,['Nyt batteri']
Toyota,Stationcar,Grå,False,54500,47500,21.6,['Skifte dæk']
Jeep,Mustang,Hvid,True,51000,46000,19.4,['Skifte gearkasse']
Jeep,Mustang,Hvid,True,73000,67000,18.7,['Skifte gearkasse']
Toyota,Prius,Grøn,True,43000,38000,24.2,['Sten i ruden']
Volkswagen,Stationcar,Grøn,True,58000,50500,19.6,['Nyt batteri']
Volkswagen,Mini,Hvid,True,72500,69500,17.7,['Ny olie']
Toyota,Stationcar,Rød,False,61000,53500,17.1,['Klargøring til sommer']
Ford,Mustang,Gul,False,40500,37500,23.4,['Sten i ruden']
Volkswagen,3,Grøn,True,59000,54500,22.1,['Ny olie']
Tesla,Golf,Blå,True,85000,77500,23.4,['Nyt batteri']
Volvo,3,Rød,False,47000,40500,14.5,['Sten i ruden']
Volvo,Mustang,Rød,True,69500,66500,16.0,['Ny olie']
Volvo,3,Grøn,False,77500,71000,16.4,['Skifte gearkasse']
Jeep,Mustang,Rød,True,41500,33500,17.5,['Skifte gearkasse']
Tesla,3,Rød,True,56500,53500,22.9,['Skifte gearkasse']
Jeep,Golf,Grøn,False,53000,45000,15.2,['Sten i ruden']
Jeep,Mini,Blå,True,38500,35000,16.5,['Ny olie']
Jeep,Stationcar,Gul,True,65000,58500,13.3,['Skifte gearkasse']
Ford,Mustang,Gul,True,50500,43000,21.2,['Skifte dæk']
Jeep,Stationcar,Sort,False,65500,61000,23.6,['Skifte dæk']
Volkswagen,Mustang,Blå,False,65000,57500,13.0,['Klargøring til sommer']
Tesla,Mini,Grøn,False,37500,31000,20.5,['Klargøring til sommer']
Tesla,3,Gul,False,60500,54000,22.4,['Skifte dæk']
Volvo,3,Blå,True,81000,74500,16.1,['Klargøring til sommer']
Toyota,Prius,Sort,False,50500,44500,20.3,['Sten i ruden']
Jeep,Mini,Gul,True,46000,42000,16.6,['Sten i ruden']
Ford,Golf,Blå,False,54500,48500,23.9,['Sætte vinterdæk på']
Jeep,Mustang,Hvid,False,76500,69000,23.1,['Sten i ruden']
Ford,Stationcar,Blå,False,70500,66000,22.8,['Skifte gearkasse']
Volvo,3,Grå,False,63500,59000,18.9,['Sten i ruden']
Tesla,Stationcar,Grøn,True,41500,35000,13.0,['Sætte vinterdæk på']
Volkswagen,Mini,Sort,True,72500,70000,22.0,['Skifte dæk']
Volkswagen,3,Hvid,False,41500,38000,21.3,['Skifte dæk']
Tesla,Prius,Sort,False,76500,71000,16.8,['Ny olie']
Toyota,Mustang,Grøn,True,63000,56000,22.3,['Sten i ruden']
Volkswagen,Prius,Sort,True,45000,43000,14.6,['Ny olie']
Toyota,Stationcar,Blå,False,50000,44000,17.6,['Nyt batteri']
Ford,Mini,Grå,True,59000,51500,21.5,['Nyt batteri']
Volkswagen,Mini,Grøn,False,78500,71000,18.3,['Nyt batteri']
Tesla,Stationcar,Gul,False,41500,34500,13.0,['Sætte vinterdæk på']
Ford,Mini,Blå,True,70000,66500,16.4,['Skifte gearkasse']
Volkswagen,Mustang,Grå,True,79500,77500,18.1,['Klargøring til sommer']
Volkswagen,Mini,Hvid,True,56500,51500,18.3,['Skifte gearkasse']
Volvo,Prius,Grøn,False,60500,55000,20.3,['Klargøring til sommer']
Ford,Mustang,Blå,False,65500,58500,15.3,['Klargøring til sommer']
Jeep,Prius,Rød,False,58000,51000,22.1,['Nyt batteri']
Volvo,Mustang,Blå,False,79000,71500,16.1,['Skifte dæk']
Toyota,Prius,Rød,False,33500,31500,19.0,['Skifte dæk']
Tesla,3,Sort,False,84000,78000,20.7,['Ny olie']
Tesla,3,Sort,False,42500,40500,15.8,['Ny olie']
Volkswagen,Mustang,Sort,False,82000,74500,14.7,['Skifte dæk']
Jeep,Stationcar,Hvid,True,76500,73000,24.5,['Skifte dæk']
Tesla,Mustang,Grå,False,36500,30500,22.0,['Nyt batteri']
Ford,Stationcar,Blå,False,72500,70000,21.4,['Ny olie']
Jeep,Mini,Rød,True,51000,43500,16.5,['Sætte vinterdæk på']
Volvo,Stationcar,Grøn,False,74000,69500,22.4,['Ny olie']
Toyota,3,Hvid,False,63000,58500,17.8,['Nyt batteri']
Tesla,Prius,Blå,False,47500,42000,21.0,['Skifte gearkasse']
Volvo,3,Blå,False,51500,49000,15.0,['Klargøring til sommer']
Tesla,Golf,Sort,False,77500,72000,20.9,['Nyt batteri']
Ford,Mini,Gul,False,47000,44000,22.7,['Skifte gearkasse']
Jeep,Golf,Grå,True,72000,65500,17.0,['Sætte vinterdæk på']
Volvo,3,Grøn,True,53000,46500,21.7,['Skifte gearkasse']
Volvo,Golf,Hvid,False,37000,33000,20.2,['Ny olie']
Tesla,Prius,Gul,False,49000,42000,24.3,['Sten i ruden']
Ford,Mustang,Sort,True,57000,54500,13.3,['Klargøring til sommer']
Jeep,Stationcar,Blå,True,63500,59500,13.7,['Skifte gearkasse']
Jeep,Mini,Rød,False,51000,47000,21.2,['Sætte vinterdæk på']
Toyota,Mini,Gul,True,82000,76500,18.6,['Klargøring til sommer']
Tesla,Mini,Grå,False,75500,72500,23.4,['Skifte dæk']
Volvo,Mini,Rød,True,81000,77500,20.0,['Skifte gearkasse']
Tesla,Golf,Sort,True,48000,44000,21.4,['Skifte gearkasse']
Tesla,Mini,Grøn,False,69000,63500,21.8,['Sten i ruden']
