Toyota,Prius,Grøn,False,71500,64500,13.7,['Klargøring til sommer']
Volvo,Golf,Rød,True,80500,77000,15.8,['Sten i ruden']
Tesla,Stationcar,Grøn,False,55500,53000,13.2,['Nyt batteri']
Toyota,Mini,Hvid,True,57000,52500,16.1,['Sætte vinterdæk på']
Toyota,Prius,Grøn,False,68500,63500,17.3,['Sten i ruden']
Volvo,3,Gul,False,72500,65000,20.4,['Skifte gearkasse']
Volvo,3,Sort,False,42500,38500,23.0,['Ny olie']
Volkswagen,Golf,Rød,True,65000,63000,16.8,['Skifte gearkasse']
Toyota,Golf,Sort,True,60000,57500,14.3,['Sten i ruden']
Tesla,Golf,Sort,False,51500,47500,16.6,['Skifte dæk']
Volvo,3,Grå,True,42000,38500,15.8,['Klargøring til sommer']
Volvo,3,Sort,True,81500,79500,14.1,['Skifte gearkasse']
Volkswagen,3,Sort,True,58500,56000,17.3,['Nyt batteri']
Tesla,Mustang,Gul,True,54000,48000,21.8,['Ny olie']
Tesla,3,Blå,True,74000,67000,14.0,['Sten i ruden']
Toyota,Golf,Blå,True,82000,79500,21.1,['Sten i ruden']
Tesla,3,Blå,False,85500,79500,17.8,['Skifte gearkasse']
Volkswagen,Mini,Hvid,False,73000,70500,23.7,['Klargøring til sommer']
Volkswagen,Mustang,Blå,False,74000,68500,17.1,['Ny olie']
Tesla,Mustang,Grå,True,38000,32000,15.1,['Sætte vinterdæk på']
Jeep,Stationcar,Grøn,False,38500,33500,23.9,['Skifte dæk']
Jeep,3,Sort,False,66000,59000,21.1,['Skifte gearkasse']
Volkswagen,Prius,Grøn,False,72000,68000,22.8,['Ny olie']
Toyota,Mini,Gul,False,59000,51500,17.2,['Skifte dæk']
Ford,Mustang,Gul,True,58500,54000,18.5,['Sætte vinterdæk på']
Volvo,Golf,Grøn,False,76500,71500,14.6,['Sætte vinterdæk på']
Toyota,3,Hvid,False,84000,76500,19.7,['Skifte dæk']
Tesla,Mini,Gul,False,61000,58000,14.1,['Klargøring til sommer']
Volkswagen,3,Gul,True,73500,67000,21.0,['Skifte dæk']
Tesla,Mini,Hvid,False,72500,67000,24.7,['Skifte dæk']
Toyota,Stationcar,Grå,False,48000,43000,22.5,['Skifte gearkasse']
Jeep,Mustang,Gul,True,70500,64500,19.4,['Sten i ruden']
Jeep,3,Sort,False,77500,73500,19.6,['Sten i ruden']
Volvo,Mustang,Rød,True,49500,46000,13.1,['Sætte vinterdæk på']
Toyota,3,Hvid,False,63000,57000,13.6,['Skifte dæk']
Volvo,Stationcar,Rød,True,77000,74500,14.7,['Skifte gearkasse']
Toyota,Stationcar,Grøn,True,66000,59500,18.7,['Skifte gearkasse']
Volvo,3,Blå,False,80500,75500,13.8,['Klargøring til sommer']
Toyota,Golf,Blå,True,38000,33000,13.6,['Nyt batteri']
Ford,3,Hvid,True,44500,37500,18.9,['Sten i ruden']
Volkswagen,Golf,Blå,True,69500,62000,22.1,['Skifte gearkasse']
Toyota,Mustang,Sort,False,79500,72000,23.0,['Sten i ruden']
Toyota,Prius,Sort,False,51000,47000,17.3,['Sten i ruden']
Volvo,Golf,Blå,True,34500,30500,16.0,['Sten i ruden']
Volvo,Stationcar,Sort,False,79000,74000,19.8,['Nyt batteri']
Jeep,Mustang,Grå,True,40000,35000,17.4,['Sten i ruden']
Ford,Prius,Grøn,False,86000,78500,13.5,['Sten i ruden']
Toyota,Stationcar,Blå,False,82500,77000,14.3,['Ny olie']
Ford,Prius,Rød,False,62000,56000,13.8,['Nyt batteri']
Tesla,Mustang,Sort,True,45500,41500,14.5,['Ny olie']
Volkswagen,Prius,Rød,False,51500,45000,19.7,['Skifte dæk']
Tesla,3,Sort,True,66000,60000,20.7,['Sætte vinterdæk på']
Jeep,Golf,Grå,True,43500,37000,18.6,['Sten i ruden']
Ford,Golf,Hvid,False,80000,76500,17.3,['Skifte dæk']
Tesla,Prius,Gul,True,68000,64000,18.0,['Ny olie']
Volvo,Mini,Rød,False,53000,47500,13.3,['Sten i ruden']
Volvo,Mustang,Grå,False,67500,64500,17.3,['Nyt batteri']
Toyota,Prius,Sort,True,58500,53000,23.2,['Skifte dæk']
Jeep,Golf,Grå,True,74000,66500,18.1,['Klargøring til sommer']
Jeep,Prius,Grå,True,62000,58500,17.0,['Sætte vinterdæk på']
Toyota,Mini,Rød,False,69500,62500,14.0,['Sten i ruden']
Toyota,Mustang,Blå,True,39000,32000,20.9,['Klargøring til sommer']
Volkswagen,Mustang,Grøn,True,59000,57000,18.0,['Skifte dæk']
Volkswagen,Mustang,Rød,False,60500,52500,15.3,['Nyt batteri']
Toyota,Stationcar,Blå,True,64000,58500,22.6,['Ny olie']
Ford,Golf,Gul,False,41000,37500,19.3,['Sætte vinterdæk på']
Ford,3,Grå,True,56000,53500,19.9,['Skifte gearkasse']
Volkswagen,Mini,Hvid,False,58000,50000,15.7,['Klargøring til sommer']
Tesla,3,Rød,False,48000,41500,19.6,['Skifte dæk']
Jeep,Mini,Grøn,True,60500,58000,15.7,['Nyt batteri']
Ford,Golf,Hvid,False,35000,32000,16.2,['Sten i ruden']
Volvo,Prius,Sort,True,79000,72000,13.5,['Nyt batteri']
Ford,Mustang,Hvid,True,72000,66500,19.8,['Ny olie']
Jeep,Prius,Sort,True,41500,34000,22.9,['Klargøring til sommer']
Ford,Mustang,Gul,False,66500,61500,13.5,['Skifte dæk']
Volvo,3,Sort,True,83500,76000,16.0,['Sten i ruden']
Ford,Prius,Grå,True,53000,49500,21.3,['Nyt batteri']
Volkswagen,Prius,Sort,False,38500,36500,20.8,['Klargøring til sommer']
Toyota,Mini,Hvid,False,50000,44500,18.3,['Sætte vinterdæk på']
Jeep,3,Blå,True,37000,31000,22.9,['Ny olie']
Tesla,Prius,Hvid,True,43500,41000,21.6,['Skifte dæk']
Volvo,Mustang,Hvid,True,68500,64500,15.8,['Sætte vinterdæk på']
Tesla,3,Grå,True,47500,42000,21.7,['Sætte vinterdæk på']
Tesla,Prius,Grå,False,73000,67500,22.2,['Sætte vinterdæk på']
Ford,3,Hvid,False,85500,79000,22.3,['Skifte gearkasse']
Jeep,Prius,Grøn,False,61000,57000,24.1,['Skifte gearkasse']
Tesla,Mustang,Rød,True,36500,34000,24.4,['Sætte vinterdæk på']
Volkswagen,Mustang,Grøn,False,42500,34500,16.7,['Skifte dæk']
Volkswagen,Stationcar,Sort,True,56000,53500,17.7,['Klargøring til sommer']
Tesla,Mini,Grøn,False,36000,30500,21.1,['Sætte vinterdæk på']
Jeep,3,Blå,False,75000,68500,15.1,['Skifte dæk']
Ford,Golf,Blå,True,51500,44000,16.2,['Ny olie']
Ford,Mustang,Rød,False,55000,47500,18.3,['Ny olie']
Toyota,Golf,Blå,False,44000,40500,19.8,['Skifte dæk']
Toyota,Mini,Sort,False,64500,59500,24.0,['Ny olie']
Tesla,Mustang,Rød,True,55000,48500,21.5,['Skifte dæk']
Volvo,Golf,Sort,False,36000,31500,16.5,['Ny olie']
Volkswagen,Golf,Blå,False,50000,45000,24.5,['Skifte gearkasse']
Volvo,Golf,Blå,True,47000,40000,21.1,['Skifte dæk']
Ford,3,Grå,False,69500,63500,21.8,['Sten i ruden']
Tesla,Mustang,Sort,False,55500,50000,19.4,['Ny olie']
Tesla,Mini,Sort,True,69500,67500,23.7,['Sætte vinterdæk på']
Volkswagen,Stationcar,Rød,False,47000,42000,15.9,['Sten i ruden']
Tesla,3,Blå,True,50000,45500,19.2,['Skifte gearkasse']
Toyota,Stationcar,Sort,True,66500,62500,13.5,['Nyt batteri']
Volkswagen,Golf,Grå,True,48500,43500,22.0,['Skifte gearkasse']
Toyota,3,Blå,True,38500,33500,13.4,['Ny olie']
Toyota,3,Sort,True,46500,40500,20.2,['Skifte gearkasse']
Volkswagen,Golf,Sort,False,35000,32000,18.1,['Skifte dæk']
Jeep,3,Blå,False,69500,62500,16.6,['Ny olie']
Tesla,3,Grøn,False,42000,39500,20.5,['Sten i ruden']
Volvo,Prius,Sort,False,43000,36500,23.5,['Ny olie']
Tesla,Mini,Gul,False,57500,52000,17.4,['Nyt batteri']
Ford,Mustang,Blå,False,78500,75500,20.4,['Skifte gearkasse']
Toyota,Mustang,Hvid,True,72000,65000,23.9,['Klargøring til sommer']
Jeep,Golf,Hvid,True,60000,54500,21.6,['Sætte vinterdæk på']
Volkswagen,Stationcar,Rød,False,71000,65500,18.9,['Sten i ruden']
Toyota,Mini,Grå,False,40000,35000,14.7,['Sætte vinterdæk på']
Jeep,Golf,Grå,False,58000,53000,24.8,['Skifte gearkasse']
Volkswagen,3,Blå,True,47500,40000,23.9,['Sten i ruden']
Volkswagen,Golf,Rød,True,74000,66500,22.9,['Skifte gearkasse']
Jeep,Golf,Sort,False,40000,37500,22.5,['Sten i ruden']
Jeep,Mini,Gul,True,64000,58500,20.7,['Sten i ruden']
Tesla,3,Grøn,False,76000,73500,23.6,['Skifte dæk']
Tesla,Golf,Hvid,True,41000,37500,18.4,['Sætte vinterdæk på']
Volkswagen,Golf,Sort,False,70000,68000,24.8,['Sten i ruden']
Toyota,Stationcar,Blå,True,61000,58500,14.4,['Skifte gearkasse']
Toyota,3,Grøn,True,65000,62000,14.2,['Klargøring til sommer']
Toyota,Prius,Grøn,False,46500,40000,13.6,['Nyt batteri']
Toyota,Golf,Hvid,False,54500,51000,22.6,['Skifte gearkasse']
Volkswagen,Mustang,Hvid,True,34500,31000,19.1,['Sten i ruden']
Tesla,Mustang,Blå,False,38500,33000,20.7,['Skifte gearkasse']
Tesla,Mustang,Grøn,False,50000,45500,13.4,['Skifte gearkasse']
Volvo,Mustang,Sort,False,84000,79000,20.5,['Sten i ruden']
Jeep,Golf,Hvid,True,73000,66000,14.1,['Skifte dæk']
Volkswagen,3,Grøn,False,58000,55000,13.4,['Nyt batteri']
Volvo,Mini,Sort,False,52000,47000,16.9,['Sten i ruden']
Ford,Stationcar,Sort,False,61000,57500,23.6,['Sten i ruden']
Volkswagen,Mini,Sort,False,47500,45000,24.0,['Skifte dæk']
Ford,Golf,Grøn,True,83500,78000,19.2,['Ny olie']
Tesla,3,Blå,False,52500,49000,16.0,['Sten i ruden']
Volkswagen,Stationcar,Grøn,True,64500,58500,18.6,['Klargøring til sommer']
Jeep,Prius,Rød,True,66000,59500,15.9,['Sten i ruden']
Ford,Mustang,Blå,True,54000,48500,19.9,['Sten i ruden']
Tesla,Mini,Grøn,False,63500,56500,19.0,['Ny olie']
Jeep,Stationcar,Rød,True,73000,71000,17.4,['Skifte gearkasse']
Volkswagen,3,Hvid,False,54000,48500,19.9,['Klargøring til sommer']
Toyota,Golf,Gul,True,77500,72000,22.4,['Skifte gearkasse']
Ford,Prius,Gul,True,76000,69000,15.9,['Klargøring til sommer']
Toyota,Prius,Rød,True,55000,48000,18.5,['Skifte gearkasse']
Ford,Stationcar,Rød,True,40500,37500,24.2,['Skifte gearkasse']
Volkswagen,Mustang,Gul,True,66500,60500,13.5,['Nyt batteri']
Toyota,Mini,Grå,False,40000,34500,24.7,['Sten i ruden']
Ford,Prius,Grøn,True,63500,60500,15.0,['Skifte gearkasse']
Ford,Stationcar,Grå,True,44000,42000,13.6,['Sten i ruden']
Toyota,Prius,Gul,False,62000,57000,13.6,['Ny olie']
Toyota,Mustang,Sort,False,54000,49000,15.1,['Nyt batteri']
Tesla,Golf,Gul,False,53000,45000,21.0,['Klargøring til sommer']
Toyota,Golf,Rød,False,36500,32500,17.3,['Klargøring til sommer']
Ford,Stationcar,Sort,False,78000,74500,23.1,['Skifte dæk']
Jeep,Golf,Grøn,False,82000,75000,22.8,['Nyt batteri']
Volkswagen,Mini,Rød,True,87000,79000,15.7,['Sætte vinterdæk på']
Ford,Mini,Gul,True,50000,43000,16.3,['Ny olie']
Ford,Stationcar,Grøn,False,33000,30000,15.0,['Skifte gearkasse']
Toyota,3,Grå,True,60500,53000,23.7,['Sætte vinterdæk på']
Toyota,3,Hvid,True,84500,79000,15.8,['Klargøring til sommer']
Volkswagen,3,Grå,False,68000,61000,17.5,['Ny olie']
Jeep,Stationcar,Hvid,False,86000,79000,15.8,['Klargøring til sommer']
Volvo,Mini,Gul,False,74500,66500,14.1,['Skifte gearkasse']
Ford,Stationcar,Hvid,True,60500,53000,23.5,['Sten i ruden']
Volkswagen,Mustang,Sort,True,71500,69500,22.7,['Ny olie']
Ford,Golf,Sort,False,41500,39000,22.8,['Skifte dæk']
Volkswagen,Stationcar,Grøn,False,73000,67500,13.3,['Ny olie']
Jeep,Golf,Grøn,False,36000,32500,19.6,['Nyt batteri']
Ford,Mini,Grå,False,41500,39000,19.4,['Nyt batteri']
Volvo,Stationcar,Blå,True,35500,32500,15.7,['Nyt batteri']
Ford,Mini,Gul,False,55500,50000,23.6,['Nyt batteri']
Volvo,Mini,Rød,False,48500,45000,23.0,['Skifte gearkasse']
Volvo,3,Hvid,True,73000,70500,23.0,['Sætte vinterdæk på']
Toyota,Golf,Hvid,True,58500,50500,18.5,['Sten i ruden']
Toyota,Stationcar,Blå,True,47500,41500,23.3,['Ny olie']
Ford,Golf,Sort,True,68000,60500,17.7,['Klargøring til sommer']
Toyota,3,Hvid,False,42500,35500,21.5,['Sætte vinterdæk på']
Ford,Mustang,Gul,False,53500,48000,13.0,['Klargøring til sommer']
Jeep,Mustang,Rød,False,43500,39000,14.4,['Sten i ruden']
Tesla,Mini,Grå,True,61000,55500,14.4,['Skifte gearkasse']
Volkswagen,Stationcar,Gul,False,48500,46000,21.9,['Klargøring til sommer']
Jeep,Prius,Grøn,False,56000,50500,20.6,['Nyt batteri']
Ford,Stationcar,Grøn,False,74500,71500,18.1,['Sten i ruden']
Ford,Mini,Grøn,False,53000,48000,24.9,['Nyt batteri']
Toyota,Prius,Rød,False,68500,62500,18.1,['Klargøring til sommer']
Tesla,Mini,Grå,True,73000,65500,19.8,['Skifte dæk']
Ford,Golf,Blå,True,48500,42000,15.6,['Skifte dæk']
Tesla,Golf,Gul,False,74500,66500,24.5,['Ny olie']
Ford,Mustang,Blå,False,71500,64500,21.5,['Skifte dæk']
Ford,Golf,Hvid,False,59500,56500,23.8,['Sten i ruden']
Tesla,Prius,Grå,True,73500,69500,16.4,['Skifte gearkasse']
Jeep,Mini,Rød,False,48500,44500,16.1,['Sten i ruden']
Toyota,Mustang,Grøn,True,36000,34000,18.3,['Sten i ruden']
Toyota,Mustang,Rød,True,70500,65000,23.4,['Ny olie']
Jeep,Stationcar,Rød,False,75000,68000,23.2,['Skifte dæk']
Toyota,3,Grøn,True,76000,73000,15.6,['Skifte gearkasse']
Jeep,Mini,Rød,True,72500,68500,24.0,['Sten i ruden']
Tesla,3,Blå,False,71000,65500,13.7,['Skifte dæk']
Volvo,Prius,Hvid,False,69000,62000,24.2,['Sætte vinterdæk på']
Jeep,Prius,Blå,True,57000,52500,13.5,['Sætte vinterdæk på']
Toyota,Golf,Hvid,False,64500,57500,22.9,['Sten i ruden']
Jeep,3,Grå,False,65000,57500,19.3,['Sten i ruden']
Toyota,Mustang,Sort,False,57000,52000,16.5,['Skifte dæk']
Volvo,3,Sort,True,45000,39500,15.5,['Nyt batteri']
Tesla,Prius,Grå,False,83000,78500,21.0,['Skifte dæk']
Toyota,3,Grå,True,49000,41500,16.1,['Sætte vinterdæk på']
Tesla,Prius,Grøn,False,52500,46000,19.7,['Klargøring til sommer']
Jeep,Golf,Blå,True,47000,44000,21.6,['Sten i ruden']
Volkswagen,Mini,Sort,True,46500,40000,23.0,['Klargøring til sommer']
Ford,Golf,Rød,True,51000,47000,16.7,['Sten i ruden']
Toyota,Mini,Blå,True,59000,51500,14.1,['Ny olie']
Jeep,Golf,Grøn,True,64000,57000,24.0,['Skifte dæk']
Toyota,Golf,Hvid,True,38500,33000,13.2,['Sten i ruden']
Tesla,Mustang,Rød,False,70000,67000,19.1,['Sten i ruden']
Tesla,Stationcar,Sort,False,77000,73000,20.1,['Sætte vinterdæk på']
Jeep,Mini,Blå,True,74000,71500,18.4,['Sætte vinterdæk på']
Ford,Prius,Gul,False,40000,34500,20.3,['Ny olie']
Volkswagen,Mini,Rød,True,63500,58500,24.7,['Skifte gearkasse']
Volkswagen,Golf,Grøn,True,50000,48000,18.7,['Ny olie']
Toyota,Golf,Sort,False,83000,77500,19.9,['Sætte vinterdæk på']
Volvo,Prius,Blå,True,78000,73000,16.0,['Nyt batteri']
Volkswagen,Mustang,Sort,False,79000,74000,15.6,['Sætte vinterdæk på']
Ford,3,Blå,True,77000,74000,14.9,['Sætte vinterdæk på']
Volkswagen,3,Rød,True,41500,34500,22.4,['Sætte vinterdæk på']
Toyota,Mustang,Sort,True,51500,45500,18.5,['Sten i ruden']
Tesla,3,Hvid,False,53500,50000,19.8,['Nyt batteri']
Toyota,Golf,Grå,False,76500,72500,22.5,['Skifte dæk']
Jeep,3,Hvid,False,84000,79500,24.5,['Sten i ruden']
Volvo,Stationcar,Grøn,True,46500,41000,24.1,['Nyt batteri']
Toyota,Mustang,Rød,True,52500,47000,15.0,['Klargøring til sommer']
Jeep,Mustang,Blå,False,78000,76000,15.3,['Sten i ruden']
Toyota,Mini,Sort,True,55500,49000,15.7,['Nyt batteri']
Ford,Mustang,Blå,True,51500,46000,20.9,['Ny olie']
Volkswagen,Mini,Grøn,False,38000,32500,18.9,['Skifte gearkasse']
Toyota,Prius,Grøn,False,58000,55500,14.9,['Sten i ruden']
Tesla,Golf,Grøn,False,80000,76000,17.0,['Skifte gearkasse']
Jeep,Mini,Blå,False,62500,58500,16.7,['Klargøring til sommer']
Jeep,Mini,Gul,True,45500,38500,24.0,['Sætte vinterdæk på']
Tesla,Mini,Rød,False,48500,45500,19.6,['Nyt batteri']
Ford,Mustang,Grøn,False,78000,71500,14.1,['Skifte gearkasse']
Jeep,Prius,Hvid,False,79500,74500,15.9,['Ny olie']
Tesla,Stationcar,Hvid,True,82500,77000,15.0,['Sten i ruden']
Ford,Prius,Grøn,False,41000,33500,19.8,['Skifte gearkasse']
Jeep,Mustang,Grøn,True,41000,38000,16.0,['Sætte vinterdæk på']
Volvo,Golf,Blå,True,45500,37500,13.6,['Sætte vinterdæk på']
Toyota,Stationcar,Hvid,False,39500,35000,24.7,['Skifte gearkasse']
Toyota,3,Sort,False,55500,49500,13.2,['Skifte dæk']
Toyota,Mustang,Blå,True,74000,66500,15.5,['Skifte dæk']
Volvo,Mustang,Sort,False,39500,33500,18.8,['Skifte gearkasse']
Volkswagen,Mini,Blå,False,60500,55500,20.1,['Ny olie']
Toyota,Prius,Grøn,True,42500,40500,20.1,['Ny olie']
Toyota,Mustang,Hvid,True,83500,79000,16.2,['Sten i ruden']
Volvo,Prius,Gul,True,77500,74500,21.7,['Ny olie']
Ford,Stationcar,Sort,False,44000,37500,19.6,['Sten i ruden']
Toyota,Prius,Grøn,False,63000,59500,20.5,['Nyt batteri']
Volkswagen,Stationcar,Rød,True,75000,72000,22.1,['Skifte dæk']
Jeep,Mini,Grøn,True,73000,69000,20.6,['Sætte vinterdæk på']
Volkswagen,Golf,Sort,True,62000,58500,16.0,['Sten i ruden']
Volvo,Mini,Grå,False,82000,78000,13.0,['Klargøring til sommer']
Ford,Mustang,Blå,True,59500,56500,22.0,['Skifte dæk']
Tesla,Prius,Grøn,True,53500,46000,19.3,['Skifte gearkasse']
Jeep,Prius,Sort,True,78000,75000,18.3,['Sætte vinterdæk på']
Ford,Prius,Grøn,False,76500,70000,14.9,['Sætte vinterdæk på']
Jeep,Stationcar,Blå,True,42000,39000,22.0,['Skifte gearkasse']
Toyota,Stationcar,Gul,False,61500,54000,17.1,['Klargøring til sommer']
Jeep,3,Grøn,True,41000,33000,20.3,['Sten i ruden']
Volkswagen,Mustang,Hvid,True,80500,72500,19.7,['Sætte vinterdæk på']
Toyota,Stationcar,Blå,False,78500,71000,13.6,['Sætte vinterdæk på']
Tesla,Prius,Grøn,True,75000,69000,14.3,['Skifte gearkasse']
Volkswagen,Mustang,Rød,True,57000,54500,18.7,['Skifte gearkasse']
Volvo,Golf,Grøn,True,42000,38500,19.9,['Sten i ruden']
Volvo,Mustang,Grøn,False,68500,63500,24.6,['Nyt batteri']
Jeep,Mini,Blå,True,52000,46500,23.7,['Sætte vinterdæk på']
Jeep,3,Gul,True,39000,32000,14.5,['Klargøring til sommer']
Volvo,Mini,Hvid,True,48500,41000,19.9,['Skifte dæk']
Toyota,Mustang,Gul,False,67500,64000,13.3,['Sætte vinterdæk på']
Volvo,Stationcar,Grøn,True,59500,55000,17.9,['Nyt batteri']
Volkswagen,Stationcar,Grå,False,50000,45500,16.9,['Nyt batteri']
Toyota,Mustang,Grøn,True,36000,32500,14.1,['Sætte vinterdæk på']
Volvo,Golf,Blå,True,55500,52000,13.2,['Skifte gearkasse']
Ford,Golf,Grøn,False,63500,60500,15.4,['Sætte vinterdæk på']
Jeep,Prius,Hvid,False,35500,32500,17.0,['Nyt batteri']
Toyota,Prius,Grå,False,59000,52000,18.4,['Skifte gearkasse']
Volvo,Mustang,Sort,False,76000,72000,18.0,['Skifte gearkasse']
Jeep,Prius,Blå,True,51000,44000,16.8,['Sætte vinterdæk på']
Jeep,Prius,Grå,False,67000,61000,17.9,['Klargøring til sommer']
Jeep,Mini,Rød,True,56000,50000,17.2,['Skifte dæk']
Volvo,Mustang,Rød,True,65500,62500,18.2,['Nyt batteri']
Jeep,Mini,Hvid,False,79500,73500,20.3,['Sten i ruden']
Volvo,Stationcar,Sort,False,35500,33500,21.7,['Sætte vinterdæk på']
Toyota,Mustang,Blå,False,42500,35500,19.7,['Nyt batteri']
Volkswagen,Prius,Grå,True,63000,58000,19.6,['Nyt batteri']
Volkswagen,Mini,Sort,False,82000,79500,19.7,['Klargøring til sommer']
Ford,Mini,Grøn,False,56000,49000,20.3,['Ny olie']
Toyota,Mustang,Sort,False,69500,66500,15.0,['Ny olie']
Jeep,Mustang,Rød,False,70500,66000,21.2,['Nyt batteri']
Volvo,Stationcar,Grå,False,36000,33000,18.5,['Ny olie']
Jeep,Stationcar,Sort,True,70000,62500,24.5,['Klargøring til sommer']
Toyota,Golf,Blå,False,37000,35000,23.6,['Klargøring til sommer']
Tesla,Mustang,Rød,False,85000,77500,17.4,['Nyt batteri']
Tesla,3,Blå,True,55500,52000,21.8,['Sætte vinterdæk på']
Jeep,Mustang,Blå,False,54500,48000,14.0,['Sten i ruden']
Volvo,Mini,Gul,False,49000,44500,14.8,['Klargøring til sommer']
Jeep,Prius,Grå,False,50500,43000,19.8,['Skifte gearkasse']
Tesla,Mini,Rød,False,66500,59000,22.6,['Sætte vinterdæk på']
Jeep,Stationcar,Rød,True,83000,79500,24.6,['Skifte gearkasse']
Volkswagen,Mini,Rød,False,76500,69000,23.1,['Skifte gearkasse']
Toyota,Golf,Rød,False,52000,48000,17.4,['Sten i ruden']
Ford,Golf,Sort,True,74000,69500,17.0,['Klargøring til sommer']
Volvo,3,Sort,False,34500,32000,23.8,['Skifte dæk']
Tesla,Stationcar,Gul,False,34000,32000,18.6,['Ny olie']
Volkswagen,Golf,Blå,True,74000,67000,14.1,['Klargøring til sommer']
Jeep,Mini,Grå,True,53500,48500,15.7,['Ny olie']
Tesla,3,Sort,True,55000,52000,21.2,['Sten i ruden']
Jeep,Prius,Sort,True,41500,36000,22.7,['Sætte vinterdæk på']
Volvo,Mustang,Blå,True,53000,49000,17.1,['Skifte gearkasse']
Jeep,Stationcar,Sort,True,78500,76000,15.8,['Sætte vinterdæk på']
Toyota,Mustang,Sort,False,36000,34000,15.7,['Sten i ruden']
Volvo,3,Gul,False,68000,61000,15.4,['Klargøring til sommer']
Volvo,Mini,Grå,False,69500,67500,20.5,['Nyt batteri']
Jeep,Mini,Gul,True,38500,32500,16.5,['Skifte dæk']
Ford,3,Blå,True,59500,53000,15.4,['Skifte dæk']
Toyota,3,Blå,False,68500,62000,24.1,['Sten i ruden']
Ford,Mini,Sort,False,87500,80000,20.6,['Sætte vinterdæk på']
Tesla,Mini,Gul,False,78000,74500,24.2,['Sætte vinterdæk på']
Volvo,Stationcar,Rød,True,38500,33000,19.8,['Nyt batteri']
Ford,Prius,Grå,True,46500,40500,14.8,['Klargøring til sommer']
Jeep,Prius,Rød,True,71500,63500,19.0,['Sten i ruden']
Volkswagen,3,Gul,False,67500,60000,23.9,['Skifte gearkasse']
Tesla,Golf,Hvid,False,41000,39000,15.6,['Sætte vinterdæk på']
Volvo,Prius,Grøn,True,57500,52000,24.6,['Klargøring til sommer']
Ford,Mini,Sort,False,70000,65000,17.6,['Sten i ruden']
Volvo,Prius,Grøn,False,48500,43000,23.9,['Skifte dæk']
Ford,Mini,Sort,True,66500,64500,13.1,['Klargøring til sommer']
Jeep,Stationcar,Grøn,True,59500,55000,14.9,['Nyt batteri']
Ford,Prius,Sort,False,51000,44500,15.5,['Sten i ruden']
Volkswagen,Mini,Gul,False,62000,57000,14.9,['Skifte gearkasse']
Volvo,Golf,Sort,True,53000,46000,14.5,['Ny olie']
Volkswagen,Mini,Grå,False,71000,64000,21.0,['Sætte vinterdæk på']
Ford,Golf,Rød,False,65500,63500,22.6,['Skifte dæk']
Ford,Stationcar,Grå,True,63000,59000,20.9,['Sten i ruden']
Jeep,3,Grå,True,71000,67500,22.4,['Skifte gearkasse']
Volvo,Mustang,Sort,True,49000,44500,19.7,['Ny olie']
Tesla,Golf,Grå,True,72500,67500,21.6,['Klargøring til sommer']
Jeep,Mini,Gul,False,60500,54000,18.7,['Skifte gearkasse']
Tesla,Mini,Grøn,True,47500,43000,18.1,['Ny olie']
Jeep,Prius,Grøn,True,81000,75500,23.5,['Skifte gearkasse']
Toyota,3,Grøn,True,75500,67500,17.0,['Sætte vinterdæk på']
Toyota,Prius,Blå,True,73500,71000,16.8,['Ny olie']
Tesla,Mustang,Sort,True,46000,44000,13.8,['Skifte gearkasse']
Tesla,Mini,Hvid,False,58000,51500,20.3,['Sten i ruden']
Volvo,Mini,Grøn,False,80000,74000,21.6,['Sætte vinterdæk på']
Ford,Mustang,Hvid,False,51500,49000,19.0,['Nyt batteri']
Volvo,Prius,Sort,False,53500,51000,13.9,['Skifte dæk']
Volkswagen,Stationcar,Sort,True,63000,58000,16.3,['Skifte gearkasse']
Tesla,Mini,Sort,True,71000,68500,19.7,['Skifte dæk']
Toyota,Mustang,Hvid,True,37500,34000,24.1,['Sten i ruden']
Volvo,3,Grøn,False,41500,34000,23.1,['Skifte dæk']
Jeep,Mini,Rød,True,44000,41500,17.5,['Skifte dæk']
Tesla,Prius,Grøn,True,40500,34000,20.5,['Sætte vinterdæk på']
Ford,Mustang,Sort,True,36500,32500,15.5,['Nyt batteri']
Ford,Prius,Grå,False,63500,59500,15.6,['Skifte gearkasse']
Volvo,Mini,Grå,False,44500,38500,21.2,['Skifte dæk']
Volkswagen,Mustang,Grå,True,46000,44000,24.3,['Sten i ruden']
Volvo,Prius,Grå,True,81000,74000,14.6,['Sten i ruden']
Volkswagen,Stationcar,Rød,False,73500,66000,15.6,['Ny olie']
Jeep,Mustang,Grå,False,79000,73000,15.0,['Nyt batteri']
Volkswagen,Mustang,Rød,False,42500,36500,22.8,['Sten i ruden']
Volvo,Golf,Gul,True,85000,79000,22.0,['Skifte gearkasse']
Tesla,3,Grøn,True,37500,31000,19.4,['Skifte gearkasse']
Volvo,3,Grøn,False,41000,35000,13.1,['Skifte gearkasse']
Tesla,Prius,Hvid,False,82500,77500,16.6,['Klargøring til sommer']
Toyota,Stationcar,Gul,True,82000,75500,16.2,['Sten i ruden']
Jeep,Golf,Sort,True,62500,56500,15.6,['Sten i ruden']
Jeep,Stationcar,Sort,True,64000,59000,21.5,['Nyt batteri']
Jeep,Prius,Hvid,True,72000,66500,24.9,['Sten i ruden']
Ford,Prius,Sort,True,52500,49000,18.4,['Sten i ruden']
Tesla,Mini,Grøn,False,49500,46000,17.7,['Nyt batteri']
Toyota,Mustang,Gul,True,60000,54500,15.5,['Nyt batteri']
Jeep,Stationcar,Gul,True,42500,38000,14.3,['Ny olie']
Volkswagen,Mini,Rød,True,59000,54500,22.0,['Sætte vinterdæk på']
Volvo,Prius,Gul,True,79000,73000,20.8,['Sætte vinterdæk på']
Volvo,3,Hvid,True,56000,53000,18.9,['Ny olie']
Volkswagen,Golf,Gul,True,81500,77500,20.7,['Skifte dæk']
Volvo,3,Gul,False,41000,35000,23.6,['Skifte dæk']
Volkswagen,Mini,Blå,False,81000,75500,16.2,['Nyt batteri']
Jeep,Mustang,Blå,False,73000,70500,15.1,['Sten i ruden']
Jeep,Stationcar,Sort,False,76000,70000,21.7,['Ny olie']
Volvo,Mustang,Grå,True,44000,38000,22.0,['Sten i ruden']
Volvo,Stationcar,Grå,False,55500,49000,14.7,['Skifte gearkasse']
Tesla,3,Sort,True,58500,56500,22.6,['Skifte gearkasse']
Jeep,Mustang,Gul,True,59000,56500,14.3,['Ny olie']
Jeep,Golf,Gul,True,38500,30500,17.6,['Sten i ruden']
Ford,Prius,Hvid,True,58500,51500,20.9,['Sten i ruden']
Toyota,Mini,Sort,True,58000,52000,25.0,['Skifte gearkasse']
Jeep,Mini,Grå,False,39000,34500,22.6,['Nyt batteri']
Volkswagen,Prius,Blå,False,64500,60500,22.9,['Ny olie']
Volkswagen,Mini,Rød,False,37500,33000,23.3,['Klargøring til sommer']
Toyota,Mustang,Grå,True,53000,50500,13.9,['Skifte dæk']
Volvo,Stationcar,Sort,False,65500,62500,21.0,['Nyt batteri']
Volkswagen,3,Rød,True,86000,78500,19.7,['Sætte vinterdæk på']
Toyota,Prius,Hvid,True,51500,48500,24.2,['Nyt batteri']
Ford,Mustang,Hvid,True,40500,37500,23.4,['Sætte vinterdæk på']
Volvo,Mini,Grøn,False,81500,75500,18.0,['Sten i ruden']
Ford,Mini,Rød,True,69000,64500,19.8,['Skifte gearkasse']
Volvo,3,Grå,False,84000,79500,18.2,['Skifte gearkasse']
Jeep,3,Grå,True,70000,67500,17.4,['Sten i ruden']
Jeep,3,Grøn,False,81500,74500,20.7,['Sætte vinterdæk på']
Tesla,Golf,Blå,False,46000,42000,20.6,['Skifte gearkasse']
Toyota,Golf,Grå,True,57000,54500,20.2,['Nyt batteri']
Tesla,Stationcar,Gul,False,42500,37500,16.1,['Nyt batteri']
Volvo,Golf,Hvid,False,42000,39000,17.3,['Nyt batteri']
Volvo,Mustang,Blå,False,41000,37500,22.9,['Klargøring til sommer']
Toyota,3,Gul,True,52000,49000,16.5,['Ny olie']
Volkswagen,Golf,Grøn,False,51500,45500,23.7,['Sten i ruden']
Jeep,Mini,Grå,True,56500,52000,20.0,['Skifte dæk']
Volvo,Mini,Rød,False,74500,71000,21.9,['Sten i ruden']
Volkswagen,3,Rød,True,81000,77500,14.2,['Ny olie']
Jeep,Mustang,Rød,True,52500,47000,19.9,['Sætte vinterdæk på']
Volvo,Mustang,Hvid,False,43500,37000,23.4,['Nyt batteri']
Toyota,Prius,Gul,False,57000,49000,14.1,['Sætte vinterdæk på']
Toyota,Stationcar,Hvid,True,40000,32500,18.8,['Skifte gearkasse']
Tesla,Prius,Rød,True,73500,66500,19.4,['Klargøring til sommer']
Volvo,Golf,Gul,False,52000,48000,20.9,['Sten i ruden']
Volvo,Mini,Sort,True,62000,59500,22.6,['Klargøring til sommer']
Volkswagen,Stationcar,Sort,False,67500,63500,18.1,['Skifte dæk']
Volvo,3,Grøn,False,52500,45500,13.7,['Klargøring til sommer']
Tesla,Stationcar,Rød,False,70000,66500,15.5,['Sætte vinterdæk på']
Volvo,Mini,Gul,True,69500,64000,19.5,['Skifte gearkasse']
Volvo,Prius,Hvid,False,64000,60000,22.2,['Klargøring til sommer']
Toyota,Stationcar,Grøn,False,82500,79000,16.4,['Sten i ruden']
Jeep,Stationcar,Hvid,False,45500,40000,17.3,['Skifte dæk']
Volkswagen,Mustang,Gul,False,37000,33000,16.0,['Ny olie']
Tesla,Mustang,Rød,True,69000,66500,24.1,['Skifte dæk']
Jeep,Mustang,Gul,True,79000,71000,20.6,['Ny olie']
Toyota,3,Blå,False,37500,35000,18.3,['Nyt batteri']
Volvo,Mustang,Sort,True,49500,44000,19.4,['Skifte dæk']
Tesla,Prius,Gul,False,81500,74000,23.1,['Nyt batteri']
Jeep,Golf,Gul,True,78500,76500,18.5,['Ny olie']
Ford,Stationcar,Grøn,False,49000,46500,21.1,['Ny olie']
Jeep,Mustang,Blå,False,59500,57000,21.9,['Klargøring til sommer']
Volkswagen,Stationcar,Gul,False,56500,51500,19.0,['Sætte vinterdæk på']
Jeep,Golf,Rød,True,50500,45500,14.6,['Sten i ruden']
Tesla,Stationcar,Grøn,False,78000,70500,18.0,['Sten i ruden']
Toyota,3,Sort,False,69000,65000,17.3,['Klargøring til sommer']
Tesla,Mini,Rød,False,85000,79000,14.0,['Ny olie']
Jeep,3,Sort,True,67000,62000,21.2,['Skifte gearkasse']
Volvo,Mustang,Blå,False,80000,77500,14.9,['Skifte dæk']
Toyota,3,Gul,False,72500,67500,15.8,['Skifte gearkasse']
Tesla,3,Sort,True,47500,40500,21.8,['Klargøring til sommer']
Volvo,Mustang,Sort,False,67500,60500,14.0,['Sten i ruden']
Volkswagen,3,Rød,True,36500,33500,13.8,['Sten i ruden']
Volkswagen,Mustang,Grøn,False,62000,55500,16.4,['Ny olie']
Toyota,Prius,Hvid,True,54000,51000,22.1,['Nyt batteri']
Ford,Golf,Grå,True,47000,40000,21.9,['Sten i ruden']
Tesla,Stationcar,Grøn,True,70000,67500,19.5,['Nyt batteri']
Jeep,Mustang,Gul,True,61500,54500,17.3,['Klargøring til sommer']
Volkswagen,3,Grå,True,56000,49500,19.0,['Ny olie']
Jeep,Mini,Sort,False,47000,41000,18.9,['Skifte gearkasse']
Tesla,Mini,Grå,False,44500,40000,15.3,['Sten i ruden']
Volvo,Golf,Hvid,True,79000,76000,22.2,['Sætte vinterdæk på']
Toyota,Prius,Hvid,True,35500,30500,17.5,['Sætte vinterdæk på']
Ford,Stationcar,Blå,True,37500,35500,14.4,['Sætte vinterdæk på']
Volkswagen,Mustang,Blå,False,39000,36000,16.1,['Ny olie']
Ford,Mustang,Blå,False,86500,79000,19.4,['Skifte gearkasse']
Volkswagen,Prius,Hvid,True,38500,35000,16.2,['Sætte vinterdæk på']
Toyota,Stationcar,Hvid,True,76500,70500,20.7,['Skifte gearkasse']
Volvo,3,Grå,True,73500,71000,24.6,['Nyt batteri']
Jeep,Mini,Grå,False,81000,74500,15.3,['Sten i ruden']
Ford,3,Sort,False,35500,32000,16.2,['Skifte dæk']
Ford,3,Gul,True,52500,45500,14.6,['Nyt batteri']
Tesla,Mini,Grå,False,80500,76000,23.3,['Skifte gearkasse']
Volvo,Golf,Rød,True,62000,59500,14.7,['Sten i ruden']
Ford,Mini,Sort,False,55000,52500,20.8,['Skifte gearkasse']
Jeep,Prius,Gul,False,58500,56000,18.1,['Ny olie']
Jeep,Mustang,Blå,False,45000,40500,15.1,['Skifte dæk']
Toyota,Mini,Grå,False,49000,45500,16.0,['Sten i ruden']
Volvo,3,Grå,False,79000,72000,22.0,['Ny olie']
Volvo,Mini,Blå,True,54000,48500,24.1,['Sten i ruden']
Volvo,Golf,Rød,True,83000,77500,21.3,['Skifte dæk']
Volkswagen,Golf,Sort,False,38500,34000,13.7,['Sten i ruden']
Tesla,Prius,Grøn,True,70500,65500,24.8,['Nyt batteri']
Volvo,Prius,Rød,True,37000,33000,13.5,['Sten i ruden']
Volkswagen,Mini,Hvid,False,67500,59500,22.1,['Skifte gearkasse']
Toyota,Stationcar,Rød,True,79500,71500,22.5,['Nyt batteri']
Volvo,Mini,Blå,True,51500,46500,20.3,['Sætte vinterdæk på']
Toyota,Prius,Grøn,True,42000,36500,13.5,['Skifte gearkasse']
Jeep,Mini,Grå,False,64500,60000,24.3,['Sætte vinterdæk på']
Jeep,Prius,Rød,False,51500,46000,24.0,['Klargøring til sommer']
Ford,Mustang,Sort,True,72000,67500,14.0,['Nyt batteri']
Volvo,3,Rød,True,72500,66500,13.9,['Sten i ruden']
Tesla,Prius,Sort,False,56000,53500,17.4,['Nyt batteri']
Volvo,Prius,Gul,False,77000,75000,17.2,['Skifte gearkasse']
Tesla,Mini,Gul,False,43000,36500,22.7,['Sten i ruden']
Toyota,Stationcar,Gul,False,55500,51500,16.3,['Ny olie']
Volvo,3,Rød,True,46500,43500,24.8,['Skifte gearkasse']
Volkswagen,Golf,Grå,True,55500,50000,20.1,['Skifte gearkasse']
Volvo,Mini,Hvid,False,72000,66500,24.2,['Skifte dæk']
Jeep,3,Hvid,False,46000,41000,22.4,['Skifte gearkasse']
Volvo,Mini,Grøn,True,82000,74500,19.1,['Nyt batteri']
Tesla,Mustang,Grøn,False,48000,41500,20.5,['Ny olie']
Ford,3,Blå,False,76500,72000,24.3,['Nyt batteri']
Jeep,Prius,Sort,True,80500,76500,18.3,['Nyt batteri']
Ford,Prius,Grå,True,44000,41500,15.3,['Nyt batteri']
Jeep,Stationcar,Gul,True,40500,35000,22.0,['Skifte dæk']
Tesla,Mini,Grå,True,40500,34000,14.6,['Skifte gearkasse']
Ford,Mini,Blå,False,39000,34500,15.4,['Skifte gearkasse']
Jeep,Mini,Sort,False,52500,46500,15.1,['Klargøring til sommer']
Jeep,Mustang,Sort,False,43000,37000,18.8,['Sætte vinterdæk på']
Jeep,Mustang,Grå,True,80500,74500,24.5,['Skifte gearkasse']
Ford,3,Hvid,False,79000,73500,19.1,['Skifte gearkasse']
Ford,Mini,Rød,True,40000,32500,24.4,['Skifte dæk']
Jeep,Golf,Rød,False,86000,78000,22.4,['Nyt batteri']
Volkswagen,Mustang,Sort,True,84000,77500,21.9,['Sten i ruden']
Volkswagen,Mini,Blå,False,78500,71000,14.3,['Skifte gearkasse']
Toyota,3,Gul,False,61500,58000,24.9,['Sætte vinterdæk på']
Jeep,3,Gul,False,38500,34000,19.2,['Skifte gearkasse']
Tesla,Stationcar,Grøn,True,73500,67500,17.7,['Nyt batteri']
Volvo,Mustang,Blå,True,41000,35500,13.1,['Ny olie']
Volvo,Mini,Sort,True,66000,61000,24.9,['Nyt batteri']
Tesla,Golf,Blå,False,65500,62000,21.7,['Sten i ruden']
Toyota,3,Blå,True,53500,46000,15.4,['Sten i ruden']
Tesla,3,Blå,False,78500,76000,24.4,['Nyt batteri']
Ford,3,Rød,False,47500,43000,18.5,['Nyt batteri']
Volvo,Mustang,Gul,True,58000,56000,23.7,['Nyt batteri']
Volvo,Mini,Rød,True,48000,46000,18.8,['Ny olie']
Tesla,3,Hvid,True,56500,51500,16.5,['Ny olie']
Jeep,Prius,Rød,False,78500,71000,17.3,['Ny olie']
Ford,Prius,Blå,False,80000,73000,17.5,['Nyt batteri']
Tesla,Mini,Grøn,True,79500,73500,17.0,['Nyt batteri']
Volkswagen,Stationcar,Rød,True,51000,46000,23.6,['Nyt batteri']
Tesla,Golf,Gul,False,55000,51500,18.4,['Klargøring til sommer']
Volvo,Golf,Blå,True,74000,71000,16.0,['Klargøring til sommer']
Volkswagen,Golf,Blå,True,61500,58500,18.1,['Klargøring til sommer']
Toyota,3,Grå,False,78500,72000,20.0,['Sten i ruden']
Ford,3,Grøn,True,54000,50000,20.5,['Skifte gearkasse']
Toyota,Golf,Hvid,False,64500,62000,18.7,['Ny olie']
Tesla,Mini,Hvid,True,80000,74000,23.1,['Skifte dæk']
Volkswagen,Mustang,Grå,True,49500,44500,19.1,['Sten i ruden']
Volkswagen,Golf,Rød,True,44000,41000,18.2,['Nyt batteri']
Tesla,Golf,Hvid,False,76500,70000,16.6,['Sætte vinterdæk på']
Ford,Mini,Gul,False,33500,30000,22.8,['Klargøring til sommer']
Ford,Stationcar,Blå,True,57000,54000,17.4,['Nyt batteri']
Ford,Mustang,Grøn,True,70500,63000,16.8,['Klargøring til sommer']
Ford,3,Grå,True,53500,49500,19.1,['Ny olie']
Tesla,Prius,Blå,True,50000,45000,15.1,['Skifte dæk']
Toyota,Stationcar,Grå,True,75500,71500,13.5,['Sætte vinterdæk på']
Tesla,3,Rød,False,45000,37500,23.3,['Sten i ruden']
Tesla,3,Blå,False,40500,37000,15.4,['Sætte vinterdæk på']
Volkswagen,Prius,Rød,True,67500,62000,23.0,['Nyt batteri']
Toyota,Golf,Gul,False,82000,74500,13.8,['Skifte gearkasse']
Volvo,Mini,Sort,True,86000,78500,24.9,['Klargøring til sommer']
Jeep,Prius,Grå,False,59000,54500,21.4,['Skifte dæk']
Volvo,Mustang,Rød,False,35000,32500,18.5,['Skifte gearkasse']
Volvo,Prius,Blå,True,59000,51500,23.7,['Ny olie']
Toyota,Mini,Blå,True,76500,73000,18.9,['Skifte gearkasse']
Ford,Mini,Sort,False,79500,72000,14.7,['Skifte gearkasse']
Tesla,Stationcar,Gul,True,71000,63500,17.8,['Sætte vinterdæk på']
Volvo,Stationcar,Hvid,True,77000,73000,15.2,['Ny olie']
Tesla,Stationcar,Grå,False,55000,49500,17.9,['Nyt batteri']
Volkswagen,Stationcar,Blå,True,41500,35500,23.2,['Sætte vinterdæk på']
Volkswagen,Stationcar,Blå,False,35500,33500,24.5,['Klargøring til sommer']
Volvo,Stationcar,Sort,False,51000,44500,14.8,['Klargøring til sommer']
Toyota,Golf,Hvid,False,46000,39500,14.7,['Ny olie']
Tesla,3,Blå,True,69000,64500,19.1,['Sten i ruden']
Jeep,Mustang,Gul,True,85500,79500,15.8,['Sætte vinterdæk på']
Tesla,Stationcar,Rød,False,48500,44000,19.7,['Nyt batteri']
Volkswagen,3,Blå,False,71000,66500,17.7,['Skifte gearkasse']
Tesla,Mustang,Sort,True,63000,55500,18.8,['Sætte vinterdæk på']
Ford,Mini,Rød,False,44000,39500,22.5,['Nyt batteri']
Jeep,Mini,Grå,True,55000,50500,13.6,['Skifte gearkasse']
Volkswagen,Golf,Hvid,True,75000,69000,23.5,['Nyt batteri']
Jeep,Mini,Grå,True,52500,48000,24.0,['Skifte gearkasse']
Volvo,3,Blå,False,70000,67500,15.9,['Sten i ruden']
Toyota,Golf,Blå,True,84000,79500,19.2,['Ny olie']
Volvo,Mustang,Gul,False,66500,59500,13.3,['Skifte gearkasse']
Ford,Mini,Blå,True,69500,65000,15.3,['Nyt batteri']
Ford,Mini,Rød,False,57000,49500,16.8,['Skifte gearkasse']
Toyota,Mini,Sort,True,54000,48500,19.4,['Sætte vinterdæk på']
Toyota,Golf,Grøn,True,47500,44500,19.1,['Skifte dæk']
Jeep,Mini,Blå,False,65500,63000,23.4,['Skifte dæk']
Toyota,3,Grøn,True,74500,69000,21.8,['Skifte dæk']
Volvo,3,Rød,True,73000,67500,19.1,['Ny olie']
Volkswagen,3,Rød,True,43500,35500,20.9,['Skifte gearkasse']
Volvo,Stationcar,Grøn,False,62000,58500,13.1,['Skifte gearkasse']
Ford,Prius,Sort,True,73000,66000,18.3,['Sten i ruden']
Volvo,Golf,Blå,True,37000,34500,22.2,['Skifte gearkasse']
Tesla,Stationcar,Sort,True,58000,50500,14.3,['Sætte vinterdæk på']
Toyota,Golf,Grøn,False,56500,52000,19.5,['Sten i ruden']
Jeep,Golf,Rød,True,71000,64000,22.9,['Skifte gearkasse']
Volkswagen,Mini,Rød,False,42500,37000,16.2,['Skifte dæk']
Toyota,Stationcar,Grå,False,59500,52000,21.5,['Skifte dæk']
Toyota,Mustang,Gul,True,64000,57500,22.7,['Sten i ruden']
Volkswagen,Mustang,Grå,True,82500,74500,25.0,['Klargøring til sommer']
Ford,Mini,Hvid,False,38500,35000,13.5,['Nyt batteri']
Jeep,3,Grå,True,77500,74000,17.9,['Skifte gearkasse']
Tesla,Stationcar,Grå,False,47500,40000,14.3,['Skifte gearkasse']
Jeep,Golf,Blå,True,83000,79000,13.5,['Sætte vinterdæk på']
Volkswagen,Prius,Hvid,False,55000,51500,19.4,['Nyt batteri']
Tesla,3,Grøn,False,79000,75000,16.7,['Sætte vinterdæk på']
Toyota,Stationcar,Grå,False,37000,34500,19.1,['Nyt batteri']
Tesla,Prius,Blå,True,37000,33500,19.2,['Skifte dæk']
Volkswagen,Mustang,Sort,False,67000,63000,23.3,['Nyt batteri']
Toyota,Mini,Sort,True,65500,63500,24.4,['Sætte vinterdæk på']
Volvo,Mini,Rød,True,70500,62500,22.5,['Sten i ruden']
Volkswagen,Mini,Hvid,False,42000,35000,20.5,['Sætte vinterdæk på']
Volkswagen,Stationcar,Sort,False,73000,69500,14.2,['Klargøring til sommer']
Volvo,Mustang,Blå,True,52500,46500,21.9,['Nyt batteri']
Ford,Mini,Rød,True,50000,46500,13.6,['Skifte dæk']
Tesla,Mustang,Rød,True,69000,63000,15.1,['Skifte dæk']
Toyota,Mini,Hvid,False,61000,55500,18.2,['Skifte dæk']
Volvo,Prius,Rød,False,64000,61500,22.8,['Sten i ruden']
Jeep,Mustang,Hvid,False,72000,66000,16.2,['Skifte gearkasse']
Jeep,Golf,Rød,False,64500,61000,24.3,['Sten i ruden']
Volvo,3,Grå,False,50500,48500,21.0,['Klargøring til sommer']
Tesla,Mustang,Blå,False,43500,41000,17.5,['Skifte gearkasse']
Volvo,Stationcar,Sort,False,78000,71000,14.4,['Sten i ruden']
Tesla,Prius,Hvid,True,71500,66500,19.0,['Sten i ruden']
Ford,Golf,Grå,True,79000,75000,15.5,['Ny olie']
Volkswagen,Mini,Blå,True,49500,42000,15.5,['Ny olie']
Volkswagen,Prius,Grå,True,45000,41000,24.1,['Ny olie']
Volkswagen,Mini,Rød,False,68500,61500,22.1,['Ny olie']
Jeep,3,Grøn,False,38500,32500,14.2,['Skifte dæk']
Ford,3,Sort,False,62000,58500,20.2,['Skifte dæk']
Toyota,Mini,Blå,True,77500,73500,20.6,['Nyt batteri']
Tesla,Prius,Gul,True,49000,45000,24.3,['Skifte gearkasse']
Jeep,Prius,Gul,True,78500,74500,21.7,['Skifte dæk']
Volkswagen,Mini,Grøn,False,71000,66000,22.7,['Sten i ruden']
Toyota,3,Blå,True,41500,38000,16.4,['Klargøring til sommer']
Jeep,Prius,Rød,False,67000,60000,17.5,['Skifte dæk']
Volkswagen,Stationcar,Hvid,False,62000,56000,15.8,['Sætte vinterdæk på']
Jeep,Mini,Gul,True,73500,69000,13.2,['Skifte gearkasse']
Tesla,Mustang,Blå,True,52000,46000,19.2,['Nyt batteri']
Tesla,Mustang,Sort,True,54000,51000,17.3,['Klargøring til sommer']
Tesla,3,Sort,True,41500,38500,16.9,['Skifte dæk']
Tesla,Golf,Grå,False,65500,62000,19.8,['Ny olie']
Toyota,Golf,Grå,True,64000,58000,15.1,['Nyt batteri']
Volvo,Golf,Grå,False,81500,77500,17.7,['Nyt batteri']
Tesla,3,Grå,False,66500,62500,20.3,['Nyt batteri']
Toyota,3,Grøn,True,60500,55500,14.9,['Skifte gearkasse']
Volkswagen,Golf,Grå,False,74500,67000,20.4,['Nyt batteri']
Toyota,Mustang,Sort,False,79000,74000,21.0,['Skifte gearkasse']
Volvo,Prius,Sort,False,71000,65000,15.1,['Klargøring til sommer']
Ford,Mini,Sort,True,41000,38000,24.2,['Klargøring til sommer']
Ford,Prius,Grøn,True,35000,31500,19.9,['Sten i ruden']
Toyota,3,Hvid,True,73000,70000,15.7,['Ny olie']
Ford,Mustang,Hvid,False,82000,75000,22.4,['Nyt batteri']
Volvo,3,Grå,True,39000,33000,19.7,['Klargøring til sommer']
Volvo,3,Grå,True,67500,60500,18.0,['Ny olie']
Tesla,Mini,Grøn,True,47000,44500,23.0,['Nyt batteri']
Ford,Prius,Rød,False,68000,60500,19.5,['Klargøring til sommer']
Jeep,3,Grøn,True,77500,74500,22.3,['Sætte vinterdæk på']
Volvo,3,Sort,False,63500,58000,14.0,['Sætte vinterdæk på']
Tesla,Mustang,Grøn,False,39000,36000,24.5,['Skifte dæk']
Toyota,Golf,Rød,False,59500,55000,20.9,['Nyt batteri']
Tesla,Mustang,Sort,False,58500,51500,18.0,['Ny olie']
Volvo,Mini,Rød,True,81000,79000,13.2,['Skifte dæk']
Tesla,Mini,Grøn,False,33500,30500,17.6,['Klargøring til sommer']
Volvo,3,Blå,False,82000,75500,22.7,['Sten i ruden']
Ford,3,Hvid,True,54500,48000,14.7,['Ny olie']
Volvo,Prius,Blå,True,78000,72500,22.7,['Ny olie']
Tesla,Mini,Rød,False,78500,73500,23.4,['Sten i ruden']
Toyota,Mini,Hvid,True,49000,47000,14.8,['Klargøring til sommer']
Jeep,Golf,Blå,False,41000,39000,23.5,['Skifte dæk']
Ford,Golf,Gul,True,38500,35000,15.0,['Ny olie']
Volvo,Mustang,Sort,False,71000,64000,17.3,['Klargøring til sommer']
Tesla,Mini,Grøn,False,69000,66000,21.5,['Ny olie']
Volkswagen,3,Grøn,True,67500,65000,22.8,['Sætte vinterdæk på']
Toyota,Mustang,Blå,False,50500,45500,22.3,['Klargøring til sommer']
Volkswagen,Stationcar,Sort,False,49000,43500,19.5,['Sten i ruden']
Jeep,Golf,Sort,False,77000,69000,20.7,['Skifte dæk']
Volkswagen,Mustang,Sort,True,53500,46500,20.9,['Skifte gearkasse']
Toyota,3,Rød,False,63500,61000,13.8,['Ny olie']
Toyota,Prius,Gul,False,56000,51500,14.4,['Ny olie']
Ford,Mustang,Blå,False,61000,53500,24.9,['Klargøring til sommer']
Tesla,3,Sort,True,58500,54000,21.7,['Skifte dæk']
Volkswagen,Golf,Grøn,False,41000,34500,17.5,['Sætte vinterdæk på']
Volvo,Prius,Gul,True,79000,75000,22.1,['Sætte vinterdæk på']
Volvo,Mustang,Grøn,False,83500,77500,16.0,['Skifte dæk']
Volvo,Mustang,Blå,False,85000,77500,15.3,['Skifte dæk']
Volvo,3,Rød,True,68500,63000,16.0,['Skifte dæk']
Volvo,Golf,Grøn,True,53000,47000,15.2,['Nyt batteri']
Toyota,3,Blå,True,46000,42500,24.8,['Ny olie']
Toyota,3,Grøn,False,80000,75500,24.1,['Sten i ruden']
Tesla,Prius,Sort,True,46500,43000,23.1,['Ny olie']
Jeep,Mustang,Blå,False,48000,42000,18.3,['Sætte vinterdæk på']
Toyota,Mustang,Blå,False,37500,31500,22.0,['Sten i ruden']
Volkswagen,Prius,Grå,True,51500,47500,15.3,['Klargøring til sommer']
Jeep,Mini,Grå,False,49500,47000,19.8,['Skifte dæk']
Ford,Mini,Blå,False,50500,48000,18.6,['Ny olie']
Volkswagen,Mini,Hvid,True,39500,33000,23.9,['Skifte dæk']
Toyota,Golf,Sort,True,84000,80000,24.2,['Ny olie']
Ford,Mustang,Rød,True,61000,54000,13.6,['Klargøring til sommer']
Toyota,Golf,Hvid,True,52000,49000,22.7,['Skifte dæk']
Volkswagen,Mustang,Sort,True,67000,62500,19.1,['Nyt batteri']
Tesla,Mustang,Blå,True,45000,38500,22.1,['Skifte dæk']
Tesla,3,Blå,True,64000,61500,22.7,['Skifte dæk']
Tesla,Mini,Sort,False,46000,41000,21.6,['Skifte gearkasse']
Toyota,Mini,Grå,True,83000,79500,19.8,['Klargøring til sommer']
Ford,Mini,Grøn,False,81500,76500,16.1,['Skifte dæk']
Ford,3,Blå,False,54000,51500,15.6,['Ny olie']
Volkswagen,Stationcar,Hvid,True,52000,45500,18.7,['Nyt batteri']
Toyota,Prius,Hvid,True,82500,78000,20.8,['Skifte gearkasse']
Ford,Prius,Grå,True,77000,70500,19.4,['Klargøring til sommer']
Jeep,3,Blå,False,72500,64500,20.4,['Sten i ruden']
Toyota,Golf,Grøn,False,63000,60500,19.4,['Sten i ruden']
Toyota,3,Grøn,True,46000,38500,18.9,['Sten i ruden']
Tesla,Stationcar,Grøn,True,79500,76500,22.6,['Sætte vinterdæk på']
Tesla,Stationcar,Rød,True,35000,30500,20.5,['Sætte vinterdæk på']
Ford,Mini,Hvid,False,65000,58000,18.8,['Sten i ruden']
Volvo,Mustang,Grå,True,70000,64000,18.7,['Ny olie']
Toyota,Golf,Blå,True,69000,62000,14.6,['Sten i ruden']
Volkswagen,Stationcar,Rød,False,36000,32000,21.3,['Sten i ruden']
Jeep,Stationcar,Grå,True,73500,70000,19.6,['Sten i ruden']
Ford,3,Rød,True,56500,52500,14.3,['Ny olie']
Jeep,Golf,Grå,True,38000,32500,18.3,['Skifte dæk']
Toyota,Prius,Blå,False,55000,52500,20.4,['Ny olie']
Volvo,Prius,Hvid,True,69500,62000,14.4,['Skifte gearkasse']
Volkswagen,Mustang,Rød,False,67500,63000,24.6,['Skifte gearkasse']
Volkswagen,Mini,Blå,False,65000,60000,19.1,['Ny olie']
Volkswagen,3,Sort,True,44500,38500,21.8,['Nyt batteri']
Jeep,Golf,Blå,True,60500,54500,20.4,['Sætte vinterdæk på']
Ford,Golf,Grøn,False,49500,43000,23.8,['Sætte vinterdæk på']
Jeep,Golf,Gul,True,58000,55500,19.7,['Ny olie']
Jeep,3,Sort,True,68500,63000,14.5,['Sten i ruden']
Ford,Golf,Sort,False,58500,56500,20.3,['Nyt batteri']
Tesla,Mini,Grå,False,36500,34500,18.0,['Sætte vinterdæk på']
Jeep,Mustang,Sort,True,80000,76500,21.5,['Nyt batteri']
Jeep,Stationcar,Sort,True,71500,66000,14.6,['Skifte gearkasse']
Tesla,Mini,Gul,True,78500,73500,14.6,['Sætte vinterdæk på']
Volkswagen,3,Rød,False,38500,35000,15.1,['Skifte gearkasse']
Tesla,Golf,Gul,True,40500,34500,14.2,['Sætte vinterdæk på']
Toyota,Mini,Grå,True,51000,47500,24.5,['Skifte dæk']
Volkswagen,Mustang,Hvid,False,61000,56000,13.5,['Sætte vinterdæk på']
Ford,Mini,Grøn,False,37500,34500,21.2,['Skifte dæk']
Ford,Prius,Gul,False,48500,45500,20.6,['Sten i ruden']
Volkswagen,Golf,Grøn,False,44500,40500,22.3,['Nyt batteri']
Jeep,Golf,Rød,True,52500,46500,23.5,['Nyt batteri']
Jeep,Prius,Grøn,True,47000,44500,24.7,['Klargøring til sommer']
Volkswagen,Stationcar,Grå,True,68500,60500,17.4,['Sætte vinterdæk på']
Jeep,3,Grå,True,50500,45500,21.3,['Ny olie']
Tesla,Mini,Grå,False,40000,37500,19.8,['Nyt batteri']
Tesla,Prius,Hvid,True,70000,65500,21.1,['Nyt batteri']
Volvo,Mustang,Grøn,False,46000,38500,23.0,['Sten i ruden']
Tesla,Prius,Grøn,False,45500,39000,20.7,['Sætte vinterdæk på']
Toyota,Prius,Grøn,False,44000,38000,24.9,['Skifte dæk']
Jeep,3,Rød,False,57000,54500,22.6,['Nyt batteri']
Volkswagen,Prius,Grå,False,51500,48000,19.4,['Klargøring til sommer']
Toyota,Golf,Grå,True,76500,68500,17.1,['Skifte gearkasse']
Jeep,Mustang,Sort,True,77500,72500,14.2,['Nyt batteri']
Toyota,Golf,Blå,True,40000,33500,22.1,['Nyt batteri']
Volvo,Mini,Grå,False,74000,69000,20.3,['Sten i ruden']
Volkswagen,3,Grøn,False,69000,64500,23.7,['Klargøring til sommer']
Tesla,3,Sort,True,66000,62500,24.6,['Sten i ruden']
Volvo,Golf,Hvid,False,65500,60000,16.6,['Nyt batteri']
Tesla,Prius,Grøn,False,70000,63000,18.6,['Skifte gearkasse']
Ford,Golf,Sort,False,72000,65000,15.5,['Sætte vinterdæk på']
Toyota,Mini,Hvid,True,65500,63000,13.5,['Nyt batteri']
Toyota,Mini,Grå,False,65000,57000,13.8,['Sætte vinterdæk på']
Ford,Mustang,Sort,True,83000,75000,21.7,['Klargøring til sommer']
Volkswagen,3,Grå,True,76000,71000,22.8,['Sten i ruden']
Tesla,Golf,Grøn,False,62500,56500,17.1,['Sten i ruden']
Volkswagen,Prius,Blå,True,60000,56000,24.1,['Nyt batteri']
Volvo,Mini,Rød,True,39500,32000,23.7,['Skifte dæk']
Volvo,Golf,Blå,False,46000,39500,19.5,['Klargøring til sommer']
Jeep,Mustang,Hvid,False,38500,34500,23.3,['Skifte dæk']
Ford,Stationcar,Gul,False,38500,36500,19.7,['Sætte vinterdæk på']
Volvo,Stationcar,Sort,True,83500,77000,14.1,['Skifte dæk']
Ford,Stationcar,Hvid,True,39000,31000,21.7,['Ny olie']
Volvo,Mustang,Rød,False,47500,42000,19.4,['Skifte dæk']
Jeep,Prius,Grøn,False,72500,67000,17.3,['Klargøring til sommer']
Toyota,Prius,Grå,False,77000,74000,17.7,['Nyt batteri']
Volvo,Mini,Blå,True,50500,46500,18.4,['Sætte vinterdæk på']
Volkswagen,Prius,Hvid,True,55500,48000,18.7,['Ny olie']
Jeep,Stationcar,Gul,True,54000,46500,18.6,['Skifte gearkasse']
Volvo,Mini,Grå,False,69000,66500,13.4,['Skifte dæk']
Jeep,Golf,Rød,True,36000,33000,18.8,['Skifte gearkasse']
Volvo,Mustang,Blå,False,37500,32000,18.2,['Nyt batteri']
Volkswagen,Mini,Hvid,False,52500,47500,21.8,['Skifte gearkasse']
Tesla,Prius,Sort,False,62500,55000,13.4,['Klargøring til sommer']
Tesla,Mini,Hvid,True,58500,54500,18.6,['Sten i ruden']
Volkswagen,3,Hvid,False,38000,31000,21.2,['Skifte gearkasse']
Volvo,Mini,Hvid,False,54500,46500,20.8,['Skifte dæk']
Volvo,Prius,Blå,True,45000,40000,24.1,['Skifte dæk']
Volvo,Mustang,Blå,False,39500,37000,16.5,['Klargøring til sommer']
Jeep,Prius,Grøn,True,44500,39500,23.5,['Ny olie']
Tesla,Mini,Gul,False,40500,34500,23.6,['Ny olie']
Jeep,Prius,Gul,False,79500,73500,19.2,['Skifte gearkasse']
Ford,Mini,Blå,False,82500,79500,14.7,['Skifte dæk']
Tesla,Prius,Hvid,True,64000,57000,24.4,['Skifte gearkasse']
Volkswagen,Golf,Grøn,False,52000,45500,13.4,['Sten i ruden']
Volkswagen,Prius,Hvid,False,58500,55500,16.2,['Sætte vinterdæk på']
Toyota,3,Grøn,True,69000,66000,23.6,['Nyt batteri']
Jeep,Stationcar,Rød,False,63500,61000,13.4,['Sten i ruden']
Tesla,Mustang,Grøn,True,67500,64000,13.9,['Klargøring til sommer']
Ford,Mini,Sort,False,62000,55000,20.8,['Skifte dæk']
Volvo,Mustang,Grøn,False,66500,59000,23.5,['Sætte vinterdæk på']
Volvo,Mustang,Sort,False,85500,78000,20.4,['Sætte vinterdæk på']
Volvo,Mustang,Rød,True,75000,70000,24.1,['Skifte dæk']
Jeep,Mini,Grå,True,63500,60000,24.7,['Sætte vinterdæk på']
Volkswagen,Mustang,Sort,False,45500,43000,22.6,['Klargøring til sommer']
Jeep,Mustang,Rød,False,41000,35500,23.3,['Klargøring til sommer']
Volvo,Prius,Grøn,True,76000,70500,23.0,['Skifte dæk']
Ford,Prius,Rød,False,58000,50000,13.3,['Sætte vinterdæk på']
Volkswagen,Mini,Hvid,True,66000,62000,14.0,['Klargøring til sommer']
Ford,Stationcar,Grå,True,84000,79000,20.9,['Skifte dæk']
Volkswagen,3,Blå,True,69000,61000,17.8,['Nyt batteri']
Volvo,Prius,Grå,False,72000,66000,16.0,['Klargøring til sommer']
Jeep,Prius,Gul,True,44500,42000,20.2,['Klargøring til sommer']
Jeep,Stationcar,Hvid,False,43000,39000,18.2,['Skifte dæk']
Volvo,Golf,Gul,True,64500,57000,23.1,['Skifte gearkasse']
Ford,Mustang,Rød,True,39000,36000,15.2,['Ny olie']
Ford,Mustang,Blå,False,77000,73000,20.5,['Klargøring til sommer']
Jeep,Mini,Gul,False,71000,63000,14.7,['Sten i ruden']
Ford,Golf,Sort,True,82500,77500,19.6,['Nyt batteri']
Ford,Stationcar,Sort,False,73000,66500,23.1,['Skifte gearkasse']
Ford,Golf,Grøn,False,71000,68000,19.2,['Sætte vinterdæk på']
Ford,Stationcar,Sort,True,38000,30500,13.7,['Sætte vinterdæk på']
Jeep,Stationcar,Grå,True,66000,63500,18.1,['Skifte dæk']
Volkswagen,Stationcar,Hvid,True,40500,36500,22.7,['Sten i ruden']
Jeep,Golf,Hvid,True,40000,37000,16.0,['Nyt batteri']
Ford,Stationcar,Rød,False,53500,49500,18.1,['Klargøring til sommer']
Volvo,Mustang,Grå,False,42000,34500,18.7,['Sætte vinterdæk på']
Jeep,Mustang,Hvid,True,63500,59500,19.1,['Sten i ruden']
Volkswagen,3,Grå,True,47000,43000,22.7,['Ny olie']
Volkswagen,Mustang,Blå,False,56000,48500,21.1,['Sten i ruden']
Tesla,3,Gul,True,70500,68000,14.0,['Sten i ruden']
Tesla,3,Grå,True,84000,76000,24.4,['Skifte dæk']
Toyota,Prius,Sort,True,85000,79000,23.4,['Nyt batteri']
Volvo,Mustang,Hvid,False,73500,67000,17.6,['Nyt batteri']
Toyota,Golf,Gul,True,39000,34500,16.4,['Skifte gearkasse']
Ford,3,Gul,True,74000,67500,17.1,['Sten i ruden']
Ford,Stationcar,Gul,True,51500,46000,13.0,['Skifte dæk']
Jeep,Mustang,Hvid,False,61500,55000,15.1,['Nyt batteri']
Ford,3,Blå,True,49500,45500,15.7,['Ny olie']
Jeep,Golf,Grå,True,44500,40500,19.2,['Nyt batteri']
Ford,Stationcar,Rød,False,60000,55000,22.6,['Nyt batteri']
Ford,Mini,Rød,False,44500,40000,23.5,['Sætte vinterdæk på']
Ford,Mini,Gul,False,72000,66500,15.9,['Skifte gearkasse']
Jeep,3,Blå,False,70000,64000,17.2,['Ny olie']
Tesla,Mini,Gul,True,65000,57000,22.7,['Skifte dæk']
Jeep,Prius,Grøn,False,52500,47000,23.5,['Klargøring til sommer']
Jeep,Stationcar,Sort,True,77000,75000,24.1,['Nyt batteri']
Toyota,Prius,Rød,False,48000,44500,20.9,['Sten i ruden']
Toyota,Mini,Rød,False,58500,53500,18.7,['Sætte vinterdæk på']
Volvo,Stationcar,Grøn,False,73000,70000,23.2,['Nyt batteri']
Volkswagen,3,Rød,False,41000,38000,19.7,['Skifte dæk']
Ford,Mustang,Hvid,False,67000,60500,23.6,['Ny olie']
Volkswagen,Stationcar,Grøn,False,45000,37000,24.9,['Ny olie']
Tesla,Prius,Hvid,True,74000,66000,18.6,['Sætte vinterdæk på']
Volvo,Golf,Grøn,False,78500,74000,15.4,['Skifte gearkasse']
Volvo,Mustang,Gul,True,68500,62500,21.0,['Skifte dæk']
Volkswagen,Golf,Hvid,True,52500,45500,21.3,['Sten i ruden']
Jeep,Mustang,Rød,True,70000,65000,16.3,['Skifte gearkasse']
Jeep,Stationcar,Grå,True,82500,79000,19.3,['Sten i ruden']
Tesla,Mini,Sort,False,68000,60000,23.2,['Nyt batteri']
Toyota,Golf,Grå,False,52000,47500,15.8,['Sætte vinterdæk på']
Volkswagen,Golf,Hvid,False,80000,76500,13.6,['Nyt batteri']
Ford,Mustang,Sort,False,35000,30500,15.5,['Sætte vinterdæk på']
Ford,Mustang,Rød,True,46000,41500,15.2,['Skifte gearkasse']
Jeep,Golf,Sort,False,38500,31000,18.1,['Nyt batteri']
Jeep,3,Blå,False,44000,39000,23.8,['Skifte gearkasse']
Ford,Stationcar,Grå,False,63000,59500,19.4,['Sætte vinterdæk på']
Volkswagen,Mustang,Grøn,False,57000,50000,20.3,['Nyt batteri']
Toyota,Mini,Hvid,True,83000,75500,18.7,['Ny olie']
Tesla,Golf,Grå,True,83000,76000,19.2,['Ny olie']
Volkswagen,Mustang,Blå,False,63500,58000,23.8,['Sten i ruden']
Toyota,Mini,Grøn,True,42000,34000,22.9,['Nyt batteri']
Ford,3,Blå,True,81500,77000,19.4,['Skifte gearkasse']
Jeep,Mustang,Rød,False,60000,53500,16.9,['Skifte dæk']
Jeep,3,Sort,False,80000,77500,21.8,['Sætte vinterdæk på']
Tesla,Mustang,Gul,False,59500,52000,14.7,['Skifte gearkasse']
Volvo,Mustang,Rød,True,78000,71500,14.0,['Sten i ruden']
Toyota,Stationcar,Grå,False,67000,61500,22.2,['Skifte gearkasse']
Ford,3,Gul,True,76500,70500,21.4,['Skifte dæk']
Ford,Golf,Rød,False,75000,68000,17.4,['Skifte gearkasse']
Jeep,Golf,Grå,True,58500,54000,15.5,['Sten i ruden']
Tesla,Golf,Grøn,False,72000,66500,20.8,['Skifte dæk']
Volvo,3,Grå,False,76000,68500,19.5,['Klargøring til sommer']
Ford,Stationcar,Sort,False,40000,34500,16.2,['Ny olie']
Volkswagen,3,Sort,True,75000,71000,14.8,['Skifte gearkasse']
Volvo,Mustang,Grå,True,69500,64500,24.3,['Nyt batteri']
Volkswagen,3,Rød,False,70500,67000,21.3,['Sten i ruden']
Tesla,Prius,Blå,True,73500,70000,13.0,['Nyt batteri']
Ford,Golf,Grå,False,64000,59000,13.3,['Nyt batteri']
Volvo,Stationcar,Grøn,True,81000,74000,14.5,['Nyt batteri']
Tesla,Prius,Blå,False,40000,37000,24.3,['Ny olie']
Jeep,3,Grå,False,42000,36000,16.0,['Klargøring til sommer']
Ford,Golf,Gul,False,72500,70500,20.5,['Sætte vinterdæk på']
Volvo,Golf,Blå,False,69500,62000,24.4,['Klargøring til sommer']
Volvo,Stationcar,Grøn,True,85000,78000,18.1,['Skifte gearkasse']
Ford,Mini,Blå,False,67500,62000,19.1,['Skifte gearkasse']
Tesla,Mustang,Grøn,False,71000,68500,14.5,['Ny olie']
Toyota,Mustang,Rød,False,62000,56000,14.9,['Skifte dæk']
Toyota,Mini,Grå,True,57500,55000,13.8,['Skifte gearkasse']
Toyota,Golf,Sort,False,62000,59500,13.8,['Skifte gearkasse']
Volvo,Mustang,Blå,False,82000,75500,17.7,['Sten i ruden']
Ford,Stationcar,Grå,False,62500,59500,16.8,['Skifte dæk']
Ford,Mustang,Sort,False,50500,44500,20.9,['Skifte gearkasse']
Ford,Mustang,Sort,True,45500,39000,16.1,['Skifte dæk']
Volvo,Prius,Sort,True,52000,48500,19.7,['Ny olie']
Volkswagen,Golf,Blå,False,36000,32000,24.4,['Sten i ruden']
Toyota,Mustang,Rød,False,61500,54000,15.6,['Nyt batteri']
Jeep,Stationcar,Sort,False,66500,64000,20.4,['Skifte dæk']
Jeep,Mustang,Hvid,True,46500,42000,20.0,['Skifte gearkasse']
Volkswagen,Prius,Blå,False,46500,41000,14.5,['Skifte gearkasse']
Ford,3,Gul,True,67000,59500,18.1,['Klargøring til sommer']
Volvo,Golf,Grøn,True,66500,62000,18.7,['Klargøring til sommer']
Volkswagen,Stationcar,Grå,True,65000,57500,13.0,['Nyt batteri']
Volvo,Prius,Rød,False,84000,78500,14.0,['Sten i ruden']
Volkswagen,Mustang,Rød,False,83000,79500,15.7,['Skifte gearkasse']
Ford,Prius,Hvid,False,67000,62000,19.6,['Skifte dæk']
Ford,Stationcar,Sort,False,44500,41500,23.5,['Sætte vinterdæk på']
Volvo,Mini,Rød,True,36000,33000,14.5,['Sten i ruden']
Jeep,3,Grå,True,38500,35000,24.9,['Ny olie']
Ford,Mini,Rød,False,39000,31500,15.1,['Skifte gearkasse']
Jeep,Golf,Blå,False,77500,74500,17.1,['Ny olie']
Jeep,Mustang,Hvid,False,74500,72000,21.7,['Sætte vinterdæk på']
Tesla,Golf,Grøn,False,78000,71000,19.1,['Sætte vinterdæk på']
Jeep,Mini,Hvid,False,82500,77500,21.8,['Nyt batteri']
Toyota,Golf,Hvid,False,67000,63500,13.7,['Skifte dæk']
Jeep,Mini,Gul,True,35500,30000,20.5,['Sten i ruden']
Jeep,Mini,Sort,False,42000,37500,16.2,['Skifte gearkasse']
Ford,3,Sort,True,67000,61500,21.8,['Skifte gearkasse']
Ford,Stationcar,Sort,True,35000,31000,24.2,['Ny olie']
Volvo,Mustang,Blå,True,37500,31000,13.8,['Sætte vinterdæk på']
Toyota,Mini,Rød,False,66500,62000,20.9,['Klargøring til sommer']
Ford,Stationcar,Blå,True,57000,53000,14.6,['Skifte dæk']
Ford,Stationcar,Gul,True,51500,49500,17.9,['Nyt batteri']
Ford,3,Sort,False,42500,38000,20.1,['Sætte vinterdæk på']
Tesla,Mustang,Gul,False,73500,67500,20.9,['Sætte vinterdæk på']
Ford,Golf,Grøn,False,36000,33000,24.2,['Ny olie']
Volkswagen,Prius,Grå,True,81000,73500,16.1,['Sætte vinterdæk på']
Ford,3,Sort,False,41500,37500,24.9,['Nyt batteri']
Volvo,Mustang,Grå,False,56000,52000,20.4,['Skifte gearkasse']
Tesla,Mini,Grøn,True,80000,76500,21.1,['Klargøring til sommer']
Toyota,3,Gul,False,52000,47000,17.5,['Sætte vinterdæk på']
Volkswagen,Mustang,Grå,False,82500,77000,14.1,['Ny olie']
Volvo,3,Rød,True,64500,59000,18.5,['Skifte dæk']
Toyota,Prius,Blå,True,62000,58000,23.4,['Sætte vinterdæk på']
Volkswagen,Prius,Sort,False,45000,39000,18.2,['Sætte vinterdæk på']
Volkswagen,Prius,Blå,True,49000,44500,18.7,['Ny olie']
Volvo,Golf,Sort,False,78000,74000,23.7,['Skifte dæk']
Volkswagen,Prius,Blå,True,42000,37500,19.6,['Nyt batteri']
Toyota,Golf,Grå,True,75500,68500,23.9,['Ny olie']
Jeep,Mustang,Blå,False,62500,59000,20.0,['Klargøring til sommer']
Volvo,Prius,Blå,True,72000,67500,21.0,['Sten i ruden']
Jeep,3,Rød,True,60000,53000,20.1,['Ny olie']
Toyota,Prius,Grå,False,44500,41000,21.9,['Ny olie']
Toyota,Mini,Hvid,True,60000,52500,17.5,['Ny olie']
Volkswagen,Stationcar,Sort,False,53500,46500,15.7,['Sætte vinterdæk på']
Tesla,Golf,Grøn,True,62000,58500,15.5,['Skifte gearkasse']
Ford,Golf,Hvid,True,64000,60500,14.7,['Sten i ruden']
Ford,Mini,Sort,True,75500,72500,23.9,['Skifte gearkasse']
Toyota,Golf,Rød,False,49500,43500,21.7,['Skifte gearkasse']
Volkswagen,Golf,Gul,True,50000,44000,21.2,['Sten i ruden']
Ford,Mini,Sort,True,34000,30500,19.6,['Sætte vinterdæk på']
Toyota,Stationcar,Gul,False,55500,51000,23.0,['Nyt batteri']
Volvo,3,Grøn,False,70000,67000,19.3,['Sten i ruden']
Jeep,Prius,Blå,True,72500,66000,14.8,['Klargøring til sommer']
Tesla,Stationcar,Hvid,False,39000,31500,16.8,['Ny olie']
Ford,Mini,Sort,True,50000,47000,13.1,['Ny olie']
Volkswagen,Prius,Blå,True,37000,34500,21.9,['Klargøring til sommer']
Toyota,Mustang,Grå,False,50000,47000,13.8,['Nyt batteri']
Toyota,Prius,Blå,True,36500,31500,14.1,['Nyt batteri']
Jeep,Stationcar,Hvid,True,82000,74000,23.5,['Skifte gearkasse']
Toyota,Mustang,Gul,True,45500,38500,23.5,['Sætte vinterdæk på']
Jeep,Golf,Grøn,True,55500,50000,21.9,['Klargøring til sommer']
Volvo,Mini,Blå,True,80500,76500,22.8,['Sten i ruden']
Jeep,3,Gul,True,83000,76500,16.6,['Klargøring til sommer']
Ford,3,Grøn,True,69500,63500,18.6,['Ny olie']
Volvo,Mini,Sort,True,61500,56000,14.4,['Nyt batteri']
Volkswagen,Mini,Gul,False,51500,48500,24.7,['Nyt batteri']
Volkswagen,Golf,Blå,False,80500,77500,24.5,['Ny olie']
Tesla,Mustang,Gul,True,40000,33500,21.5,['Skifte gearkasse']
Toyota,Mustang,Gul,False,49500,42500,22.8,['Sætte vinterdæk på']
Volkswagen,3,Hvid,False,44000,38000,20.3,['Sætte vinterdæk på']
Tesla,Prius,Gul,False,55000,49000,22.1,['Nyt batteri']
Volkswagen,Mini,Grøn,False,45500,43500,24.5,['Ny olie']
Toyota,Golf,Blå,False,43000,35000,20.1,['Sætte vinterdæk på']
Ford,Prius,Hvid,False,41500,36000,19.4,['Sætte vinterdæk på']
Tesla,3,Hvid,False,76500,71500,24.3,['Nyt batteri']
Ford,Mini,Sort,False,41500,36500,23.7,['Ny olie']
Ford,Golf,Grå,True,70500,65500,23.5,['Nyt batteri']
Tesla,Prius,Rød,True,36500,32000,21.5,['Nyt batteri']
Volvo,Prius,Rød,True,60000,56000,20.3,['Sten i ruden']
Toyota,Mini,Gul,False,35000,32500,18.5,['Skifte gearkasse']
Ford,Stationcar,Rød,True,37000,33500,24.5,['Sten i ruden']
Volkswagen,Stationcar,Hvid,True,40500,37500,19.3,['Sætte vinterdæk på']
Volvo,3,Gul,False,84000,77500,20.7,['Nyt batteri']
Volvo,Stationcar,Hvid,True,40000,35000,19.4,['Klargøring til sommer']
Jeep,3,Blå,True,40000,33500,17.3,['Skifte gearkasse']
Tesla,Stationcar,Grøn,True,45000,40000,21.2,['Skifte dæk']
Volvo,Mini,Gul,False,41000,37000,18.3,['Sætte vinterdæk på']
